Country Name,Country Code,Series Name,Series Code,2019 [YR2019]
Afghanistan,AFG,Population density (people per sq. km of land area),EN.POP.DNST,57.9082516903546
Afghanistan,AFG,"Population, total",SP.POP.TOTL,37769499
Afghanistan,AFG,Population in largest city,EN.URB.LCTY,4114030
Afghanistan,AFG,"Unemployment, total (% of total labor force) (national estimate)",SL.UEM.TOTL.NE.ZS,..
Afghanistan,AFG,"Literacy rate, adult total (% of people ages 15 and above)",SE.ADT.LITR.ZS,..
Albania,ALB,Population density (people per sq. km of land area),EN.POP.DNST,104.167554744526
Albania,ALB,"Population, total",SP.POP.TOTL,2854191
Albania,ALB,Population in largest city,EN.URB.LCTY,484624
Albania,ALB,"Unemployment, total (% of total labor force) (national estimate)",SL.UEM.TOTL.NE.ZS,11.47
Albania,ALB,"Literacy rate, adult total (% of people ages 15 and above)",SE.ADT.LITR.ZS,..
Algeria,DZA,Population density (people per sq. km of land area),EN.POP.DNST,17.9303156808402
Algeria,DZA,"Population, total",SP.POP.TOTL,42705368
Algeria,DZA,Population in largest city,EN.URB.LCTY,2729325
Algeria,DZA,"Unemployment, total (% of total labor force) (national estimate)",SL.UEM.TOTL.NE.ZS,..
Algeria,DZA,"Literacy rate, adult total (% of people ages 15 and above)",SE.ADT.LITR.ZS,..
American Samoa,ASM,Population density (people per sq. km of land area),EN.POP.DNST,236.605
American Samoa,ASM,"Population, total",SP.POP.TOTL,47321
American Samoa,ASM,Population in largest city,EN.URB.LCTY,..
American Samoa,ASM,"Unemployment, total (% of total labor force) (national estimate)",SL.UEM.TOTL.NE.ZS,..
American Samoa,ASM,"Literacy rate, adult total (% of people ages 15 and above)",SE.ADT.LITR.ZS,..
Andorra,AND,Population density (people per sq. km of land area),EN.POP.DNST,162.431914893617
Andorra,AND,"Population, total",SP.POP.TOTL,76343
Andorra,AND,Population in largest city,EN.URB.LCTY,..
Andorra,AND,"Unemployment, total (% of total labor force) (national estimate)",SL.UEM.TOTL.NE.ZS,..
Andorra,AND,"Literacy rate, adult total (% of people ages 15 and above)",SE.ADT.LITR.ZS,..
Angola,AGO,Population density (people per sq. km of land area),EN.POP.DNST,25.9513820486083
Angola,AGO,"Population, total",SP.POP.TOTL,32353588
Angola,AGO,Population in largest city,EN.URB.LCTY,8044735
Angola,AGO,"Unemployment, total (% of total labor force) (national estimate)",SL.UEM.TOTL.NE.ZS,16.5
Angola,AGO,"Literacy rate, adult total (% of people ages 15 and above)",SE.ADT.LITR.ZS,..
Antigua and Barbuda,ATG,Population density (people per sq. km of land area),EN.POP.DNST,209.356818181818
Antigua and Barbuda,ATG,"Population, total",SP.POP.TOTL,92117
Antigua and Barbuda,ATG,Population in largest city,EN.URB.LCTY,..
Antigua and Barbuda,ATG,"Unemployment, total (% of total labor force) (national estimate)",SL.UEM.TOTL.NE.ZS,..
Antigua and Barbuda,ATG,"Literacy rate, adult total (% of people ages 15 and above)",SE.ADT.LITR.ZS,..
Argentina,ARG,Population density (people per sq. km of land area),EN.POP.DNST,16.4208266190179
Argentina,ARG,"Population, total",SP.POP.TOTL,44938712
Argentina,ARG,Population in largest city,EN.URB.LCTY,15057273
Argentina,ARG,"Unemployment, total (% of total labor force) (national estimate)",SL.UEM.TOTL.NE.ZS,9.84
Argentina,ARG,"Literacy rate, adult total (% of people ages 15 and above)",SE.ADT.LITR.ZS,..
Armenia,ARM,Population density (people per sq. km of land area),EN.POP.DNST,99.0727783631893
Armenia,ARM,"Population, total",SP.POP.TOTL,2820602
Armenia,ARM,Population in largest city,EN.URB.LCTY,1083323
Armenia,ARM,"Unemployment, total (% of total labor force) (national estimate)",SL.UEM.TOTL.NE.ZS,12.2
Armenia,ARM,"Literacy rate, adult total (% of people ages 15 and above)",SE.ADT.LITR.ZS,..
Aruba,ABW,Population density (people per sq. km of land area),EN.POP.DNST,591.344444444444
Aruba,ABW,"Population, total",SP.POP.TOTL,106442
Aruba,ABW,Population in largest city,EN.URB.LCTY,..
Aruba,ABW,"Unemployment, total (% of total labor force) (national estimate)",SL.UEM.TOTL.NE.ZS,..
Aruba,ABW,"Literacy rate, adult total (% of people ages 15 and above)",SE.ADT.LITR.ZS,..
Australia,AUS,Population density (people per sq. km of land area),EN.POP.DNST,3.29435141874306
Australia,AUS,"Population, total",SP.POP.TOTL,25340217
Australia,AUS,Population in largest city,EN.URB.LCTY,4870388
Australia,AUS,"Unemployment, total (% of total labor force) (national estimate)",SL.UEM.TOTL.NE.ZS,5.16
Australia,AUS,"Literacy rate, adult total (% of people ages 15 and above)",SE.ADT.LITR.ZS,..
Austria,AUT,Population density (people per sq. km of land area),EN.POP.DNST,107.609306834707
Austria,AUT,"Population, total",SP.POP.TOTL,8879920
Austria,AUT,Population in largest city,EN.URB.LCTY,1915338
Austria,AUT,"Unemployment, total (% of total labor force) (national estimate)",SL.UEM.TOTL.NE.ZS,4.56
Austria,AUT,"Literacy rate, adult total (% of people ages 15 and above)",SE.ADT.LITR.ZS,..
Azerbaijan,AZE,Population density (people per sq. km of land area),EN.POP.DNST,121.280071139933
Azerbaijan,AZE,"Population, total",SP.POP.TOTL,10024283
Azerbaijan,AZE,Population in largest city,EN.URB.LCTY,2313138
Azerbaijan,AZE,"Unemployment, total (% of total labor force) (national estimate)",SL.UEM.TOTL.NE.ZS,5
Azerbaijan,AZE,"Literacy rate, adult total (% of people ages 15 and above)",SE.ADT.LITR.ZS,99.7959823608398
"Bahamas, The",BHS,Population density (people per sq. km of land area),EN.POP.DNST,40.4152847152847
"Bahamas, The",BHS,"Population, total",SP.POP.TOTL,404557
"Bahamas, The",BHS,Population in largest city,EN.URB.LCTY,..
"Bahamas, The",BHS,"Unemployment, total (% of total labor force) (national estimate)",SL.UEM.TOTL.NE.ZS,..
"Bahamas, The",BHS,"Literacy rate, adult total (% of people ages 15 and above)",SE.ADT.LITR.ZS,..
Bahrain,BHR,Population density (people per sq. km of land area),EN.POP.DNST,1915.62564102564
Bahrain,BHR,"Population, total",SP.POP.TOTL,1494188
Bahrain,BHR,Population in largest city,EN.URB.LCTY,600433
Bahrain,BHR,"Unemployment, total (% of total labor force) (national estimate)",SL.UEM.TOTL.NE.ZS,..
Bahrain,BHR,"Literacy rate, adult total (% of people ages 15 and above)",SE.ADT.LITR.ZS,..
Bangladesh,BGD,Population density (people per sq. km of land area),EN.POP.DNST,1271.53892601982
Bangladesh,BGD,"Population, total",SP.POP.TOTL,165516222
Bangladesh,BGD,Population in largest city,EN.URB.LCTY,20283552
Bangladesh,BGD,"Unemployment, total (% of total labor force) (national estimate)",SL.UEM.TOTL.NE.ZS,..
Bangladesh,BGD,"Literacy rate, adult total (% of people ages 15 and above)",SE.ADT.LITR.ZS,74.6844635009766
Barbados,BRB,Population density (people per sq. km of land area),EN.POP.DNST,651.581395348837
Barbados,BRB,"Population, total",SP.POP.TOTL,280180
Barbados,BRB,Population in largest city,EN.URB.LCTY,..
Barbados,BRB,"Unemployment, total (% of total labor force) (national estimate)",SL.UEM.TOTL.NE.ZS,8.41
Barbados,BRB,"Literacy rate, adult total (% of people ages 15 and above)",SE.ADT.LITR.ZS,..
Belarus,BLR,Population density (people per sq. km of land area),EN.POP.DNST,46.4107506220284
Belarus,BLR,"Population, total",SP.POP.TOTL,9419758
Belarus,BLR,Population in largest city,EN.URB.LCTY,2016677
Belarus,BLR,"Unemployment, total (% of total labor force) (national estimate)",SL.UEM.TOTL.NE.ZS,4.16
Belarus,BLR,"Literacy rate, adult total (% of people ages 15 and above)",SE.ADT.LITR.ZS,99.8740005493164
Belgium,BEL,Population density (people per sq. km of land area),EN.POP.DNST,379.424702774108
Belgium,BEL,"Population, total",SP.POP.TOTL,11488980
Belgium,BEL,Population in largest city,EN.URB.LCTY,2065284
Belgium,BEL,"Unemployment, total (% of total labor force) (national estimate)",SL.UEM.TOTL.NE.ZS,5.36
Belgium,BEL,"Literacy rate, adult total (% of people ages 15 and above)",SE.ADT.LITR.ZS,..
Belize,BLZ,Population density (people per sq. km of land area),EN.POP.DNST,17.0580885576502
Belize,BLZ,"Population, total",SP.POP.TOTL,389095
Belize,BLZ,Population in largest city,EN.URB.LCTY,..
Belize,BLZ,"Unemployment, total (% of total labor force) (national estimate)",SL.UEM.TOTL.NE.ZS,9.05
Belize,BLZ,"Literacy rate, adult total (% of people ages 15 and above)",SE.ADT.LITR.ZS,..
Benin,BEN,Population density (people per sq. km of land area),EN.POP.DNST,108.996488116353
Benin,BEN,"Population, total",SP.POP.TOTL,12290444
Benin,BEN,Population in largest city,EN.URB.LCTY,991000
Benin,BEN,"Unemployment, total (% of total labor force) (national estimate)",SL.UEM.TOTL.NE.ZS,..
Benin,BEN,"Literacy rate, adult total (% of people ages 15 and above)",SE.ADT.LITR.ZS,..
Bermuda,BMU,Population density (people per sq. km of land area),EN.POP.DNST,1183.53703703704
Bermuda,BMU,"Population, total",SP.POP.TOTL,63911
Bermuda,BMU,Population in largest city,EN.URB.LCTY,..
Bermuda,BMU,"Unemployment, total (% of total labor force) (national estimate)",SL.UEM.TOTL.NE.ZS,..
Bermuda,BMU,"Literacy rate, adult total (% of people ages 15 and above)",SE.ADT.LITR.ZS,..
Bhutan,BTN,Population density (people per sq. km of land area),EN.POP.DNST,20.1221552176193
Bhutan,BTN,"Population, total",SP.POP.TOTL,767459
Bhutan,BTN,Population in largest city,EN.URB.LCTY,..
Bhutan,BTN,"Unemployment, total (% of total labor force) (national estimate)",SL.UEM.TOTL.NE.ZS,2.72
Bhutan,BTN,"Literacy rate, adult total (% of people ages 15 and above)",SE.ADT.LITR.ZS,..
Bolivia,BOL,Population density (people per sq. km of land area),EN.POP.DNST,10.8717022062217
Bolivia,BOL,"Population, total",SP.POP.TOTL,11777315
Bolivia,BOL,Population in largest city,EN.URB.LCTY,1835355
Bolivia,BOL,"Unemployment, total (% of total labor force) (national estimate)",SL.UEM.TOTL.NE.ZS,3.68
Bolivia,BOL,"Literacy rate, adult total (% of people ages 15 and above)",SE.ADT.LITR.ZS,..
Bosnia and Herzegovina,BIH,Population density (people per sq. km of land area),EN.POP.DNST,65.63888671875
Bosnia and Herzegovina,BIH,"Population, total",SP.POP.TOTL,3360711
Bosnia and Herzegovina,BIH,Population in largest city,EN.URB.LCTY,342743
Bosnia and Herzegovina,BIH,"Unemployment, total (% of total labor force) (national estimate)",SL.UEM.TOTL.NE.ZS,15.69
Bosnia and Herzegovina,BIH,"Literacy rate, adult total (% of people ages 15 and above)",SE.ADT.LITR.ZS,..
Botswana,BWA,Population density (people per sq. km of land area),EN.POP.DNST,4.41074585781589
Botswana,BWA,"Population, total",SP.POP.TOTL,2499702
Botswana,BWA,Population in largest city,EN.URB.LCTY,..
Botswana,BWA,"Unemployment, total (% of total labor force) (national estimate)",SL.UEM.TOTL.NE.ZS,20.09
Botswana,BWA,"Literacy rate, adult total (% of people ages 15 and above)",SE.ADT.LITR.ZS,..
Brazil,BRA,Population density (people per sq. km of land area),EN.POP.DNST,25.3385176606278
Brazil,BRA,"Population, total",SP.POP.TOTL,211782878
Brazil,BRA,Population in largest city,EN.URB.LCTY,21846507
Brazil,BRA,"Unemployment, total (% of total labor force) (national estimate)",SL.UEM.TOTL.NE.ZS,11.94
Brazil,BRA,"Literacy rate, adult total (% of people ages 15 and above)",SE.ADT.LITR.ZS,..
British Virgin Islands,VGB,Population density (people per sq. km of land area),EN.POP.DNST,204.066666666667
British Virgin Islands,VGB,"Population, total",SP.POP.TOTL,30610
British Virgin Islands,VGB,Population in largest city,EN.URB.LCTY,..
British Virgin Islands,VGB,"Unemployment, total (% of total labor force) (national estimate)",SL.UEM.TOTL.NE.ZS,..
British Virgin Islands,VGB,"Literacy rate, adult total (% of people ages 15 and above)",SE.ADT.LITR.ZS,..
Brunei Darussalam,BRN,Population density (people per sq. km of land area),EN.POP.DNST,83.1210626185958
Brunei Darussalam,BRN,"Population, total",SP.POP.TOTL,438048
Brunei Darussalam,BRN,Population in largest city,EN.URB.LCTY,..
Brunei Darussalam,BRN,"Unemployment, total (% of total labor force) (national estimate)",SL.UEM.TOTL.NE.ZS,6.6
Brunei Darussalam,BRN,"Literacy rate, adult total (% of people ages 15 and above)",SE.ADT.LITR.ZS,..
Bulgaria,BGR,Population density (people per sq. km of land area),EN.POP.DNST,64.2571941783346
Bulgaria,BGR,"Population, total",SP.POP.TOTL,6975761
Bulgaria,BGR,Population in largest city,EN.URB.LCTY,1276937
Bulgaria,BGR,"Unemployment, total (% of total labor force) (national estimate)",SL.UEM.TOTL.NE.ZS,4.23
Bulgaria,BGR,"Literacy rate, adult total (% of people ages 15 and above)",SE.ADT.LITR.ZS,..
Burkina Faso,BFA,Population density (people per sq. km of land area),EN.POP.DNST,76.5776279239766
Burkina Faso,BFA,"Population, total",SP.POP.TOTL,20951639
Burkina Faso,BFA,Population in largest city,EN.URB.LCTY,2652720
Burkina Faso,BFA,"Unemployment, total (% of total labor force) (national estimate)",SL.UEM.TOTL.NE.ZS,..
Burkina Faso,BFA,"Literacy rate, adult total (% of people ages 15 and above)",SE.ADT.LITR.ZS,29.6632804870605
Burundi,BDI,Population density (people per sq. km of land area),EN.POP.DNST,462.415809968847
Burundi,BDI,"Population, total",SP.POP.TOTL,11874838
Burundi,BDI,Population in largest city,EN.URB.LCTY,954424
Burundi,BDI,"Unemployment, total (% of total labor force) (national estimate)",SL.UEM.TOTL.NE.ZS,..
Burundi,BDI,"Literacy rate, adult total (% of people ages 15 and above)",SE.ADT.LITR.ZS,..
Cabo Verde,CPV,Population density (people per sq. km of land area),EN.POP.DNST,143.183622828784
Cabo Verde,CPV,"Population, total",SP.POP.TOTL,577030
Cabo Verde,CPV,Population in largest city,EN.URB.LCTY,..
Cabo Verde,CPV,"Unemployment, total (% of total labor force) (national estimate)",SL.UEM.TOTL.NE.ZS,11.29
Cabo Verde,CPV,"Literacy rate, adult total (% of people ages 15 and above)",SE.ADT.LITR.ZS,..
Cambodia,KHM,Population density (people per sq. km of land area),EN.POP.DNST,91.8181849082257
Cambodia,KHM,"Population, total",SP.POP.TOTL,16207746
Cambodia,KHM,Population in largest city,EN.URB.LCTY,2014015
Cambodia,KHM,"Unemployment, total (% of total labor force) (national estimate)",SL.UEM.TOTL.NE.ZS,0.5
Cambodia,KHM,"Literacy rate, adult total (% of people ages 15 and above)",SE.ADT.LITR.ZS,..
Cameroon,CMR,Population density (people per sq. km of land area),EN.POP.DNST,54.5415603647056
Cameroon,CMR,"Population, total",SP.POP.TOTL,25782341
Cameroon,CMR,Population in largest city,EN.URB.LCTY,3822425
Cameroon,CMR,"Unemployment, total (% of total labor force) (national estimate)",SL.UEM.TOTL.NE.ZS,..
Cameroon,CMR,"Literacy rate, adult total (% of people ages 15 and above)",SE.ADT.LITR.ZS,..
Canada,CAN,Population density (people per sq. km of land area),EN.POP.DNST,4.19394931064213
Canada,CAN,"Population, total",SP.POP.TOTL,37601230
Canada,CAN,Population in largest city,EN.URB.LCTY,6139404
Canada,CAN,"Unemployment, total (% of total labor force) (national estimate)",SL.UEM.TOTL.NE.ZS,5.69
Canada,CAN,"Literacy rate, adult total (% of people ages 15 and above)",SE.ADT.LITR.ZS,..
Cayman Islands,CYM,Population density (people per sq. km of land area),EN.POP.DNST,275.558333333333
Cayman Islands,CYM,"Population, total",SP.POP.TOTL,66134
Cayman Islands,CYM,Population in largest city,EN.URB.LCTY,..
Cayman Islands,CYM,"Unemployment, total (% of total labor force) (national estimate)",SL.UEM.TOTL.NE.ZS,..
Cayman Islands,CYM,"Literacy rate, adult total (% of people ages 15 and above)",SE.ADT.LITR.ZS,..
Central African Republic,CAF,Population density (people per sq. km of land area),EN.POP.DNST,8.36194420366625
Central African Republic,CAF,"Population, total",SP.POP.TOTL,5209324
Central African Republic,CAF,Population in largest city,EN.URB.LCTY,869599
Central African Republic,CAF,"Unemployment, total (% of total labor force) (national estimate)",SL.UEM.TOTL.NE.ZS,..
Central African Republic,CAF,"Literacy rate, adult total (% of people ages 15 and above)",SE.ADT.LITR.ZS,..
Chad,TCD,Population density (people per sq. km of land area),EN.POP.DNST,12.8072315756036
Chad,TCD,"Population, total",SP.POP.TOTL,16126866
Chad,TCD,Population in largest city,EN.URB.LCTY,1371524
Chad,TCD,"Unemployment, total (% of total labor force) (national estimate)",SL.UEM.TOTL.NE.ZS,..
Chad,TCD,"Literacy rate, adult total (% of people ages 15 and above)",SE.ADT.LITR.ZS,..
Channel Islands,CHI,Population density (people per sq. km of land area),EN.POP.DNST,855.606060606061
Channel Islands,CHI,"Population, total",SP.POP.TOTL,169410
Channel Islands,CHI,Population in largest city,EN.URB.LCTY,..
Channel Islands,CHI,"Unemployment, total (% of total labor force) (national estimate)",SL.UEM.TOTL.NE.ZS,..
Channel Islands,CHI,"Literacy rate, adult total (% of people ages 15 and above)",SE.ADT.LITR.ZS,..
Chile,CHL,Population density (people per sq. km of land area),EN.POP.DNST,25.6068131566631
Chile,CHL,"Population, total",SP.POP.TOTL,19039485
Chile,CHL,Population in largest city,EN.URB.LCTY,6723516
Chile,CHL,"Unemployment, total (% of total labor force) (national estimate)",SL.UEM.TOTL.NE.ZS,7.27
Chile,CHL,"Literacy rate, adult total (% of people ages 15 and above)",SE.ADT.LITR.ZS,..
China,CHN,Population density (people per sq. km of land area),EN.POP.DNST,149.948179684945
China,CHN,"Population, total",SP.POP.TOTL,1407745000
China,CHN,Population in largest city,EN.URB.LCTY,26317104
China,CHN,"Unemployment, total (% of total labor force) (national estimate)",SL.UEM.TOTL.NE.ZS,5.15
China,CHN,"Literacy rate, adult total (% of people ages 15 and above)",SE.ADT.LITR.ZS,..
Colombia,COL,Population density (people per sq. km of land area),EN.POP.DNST,45.2342550698513
Colombia,COL,"Population, total",SP.POP.TOTL,50187406
Colombia,COL,Population in largest city,EN.URB.LCTY,10779376
Colombia,COL,"Unemployment, total (% of total labor force) (national estimate)",SL.UEM.TOTL.NE.ZS,10.28
Colombia,COL,"Literacy rate, adult total (% of people ages 15 and above)",SE.ADT.LITR.ZS,95.249267578125
Comoros,COM,Population density (people per sq. km of land area),EN.POP.DNST,425.032778076303
Comoros,COM,"Population, total",SP.POP.TOTL,790986
Comoros,COM,Population in largest city,EN.URB.LCTY,..
Comoros,COM,"Unemployment, total (% of total labor force) (national estimate)",SL.UEM.TOTL.NE.ZS,..
Comoros,COM,"Literacy rate, adult total (% of people ages 15 and above)",SE.ADT.LITR.ZS,..
"Congo, Dem. Rep.",COD,Population density (people per sq. km of land area),EN.POP.DNST,39.658097527624
"Congo, Dem. Rep.",COD,"Population, total",SP.POP.TOTL,89906890
"Congo, Dem. Rep.",COD,Population in largest city,EN.URB.LCTY,13743278
"Congo, Dem. Rep.",COD,"Unemployment, total (% of total labor force) (national estimate)",SL.UEM.TOTL.NE.ZS,..
"Congo, Dem. Rep.",COD,"Literacy rate, adult total (% of people ages 15 and above)",SE.ADT.LITR.ZS,..
"Congo, Rep.",COG,Population density (people per sq. km of land area),EN.POP.DNST,16.312541727672
"Congo, Rep.",COG,"Population, total",SP.POP.TOTL,5570733
"Congo, Rep.",COG,Population in largest city,EN.URB.LCTY,2308076
"Congo, Rep.",COG,"Unemployment, total (% of total labor force) (national estimate)",SL.UEM.TOTL.NE.ZS,..
"Congo, Rep.",COG,"Literacy rate, adult total (% of people ages 15 and above)",SE.ADT.LITR.ZS,..
Costa Rica,CRI,Population density (people per sq. km of land area),EN.POP.DNST,99.57955346651
Costa Rica,CRI,"Population, total",SP.POP.TOTL,5084532
Costa Rica,CRI,Population in largest city,EN.URB.LCTY,1378546
Costa Rica,CRI,"Unemployment, total (% of total labor force) (national estimate)",SL.UEM.TOTL.NE.ZS,10.81
Costa Rica,CRI,"Literacy rate, adult total (% of people ages 15 and above)",SE.ADT.LITR.ZS,..
Cote d'Ivoire,CIV,Population density (people per sq. km of land area),EN.POP.DNST,82.2250031446541
Cote d'Ivoire,CIV,"Population, total",SP.POP.TOTL,26147551
Cote d'Ivoire,CIV,Population in largest city,EN.URB.LCTY,5058550
Cote d'Ivoire,CIV,"Unemployment, total (% of total labor force) (national estimate)",SL.UEM.TOTL.NE.ZS,2.4
Cote d'Ivoire,CIV,"Literacy rate, adult total (% of people ages 15 and above)",SE.ADT.LITR.ZS,89.8934173583984
Croatia,HRV,Population density (people per sq. km of land area),EN.POP.DNST,72.6405010363805
Croatia,HRV,"Population, total",SP.POP.TOTL,4065253
Croatia,HRV,Population in largest city,EN.URB.LCTY,685233
Croatia,HRV,"Unemployment, total (% of total labor force) (national estimate)",SL.UEM.TOTL.NE.ZS,6.62
Croatia,HRV,"Literacy rate, adult total (% of people ages 15 and above)",SE.ADT.LITR.ZS,..
Cuba,CUB,Population density (people per sq. km of land area),EN.POP.DNST,109.024055876686
Cuba,CUB,"Population, total",SP.POP.TOTL,11316697
Cuba,CUB,Population in largest city,EN.URB.LCTY,2138419
Cuba,CUB,"Unemployment, total (% of total labor force) (national estimate)",SL.UEM.TOTL.NE.ZS,..
Cuba,CUB,"Literacy rate, adult total (% of people ages 15 and above)",SE.ADT.LITR.ZS,..
Curacao,CUW,Population density (people per sq. km of land area),EN.POP.DNST,354.596846846847
Curacao,CUW,"Population, total",SP.POP.TOTL,157441
Curacao,CUW,Population in largest city,EN.URB.LCTY,..
Curacao,CUW,"Unemployment, total (% of total labor force) (national estimate)",SL.UEM.TOTL.NE.ZS,..
Curacao,CUW,"Literacy rate, adult total (% of people ages 15 and above)",SE.ADT.LITR.ZS,..
Cyprus,CYP,Population density (people per sq. km of land area),EN.POP.DNST,132.990909090909
Cyprus,CYP,"Population, total",SP.POP.TOTL,1228836
Cyprus,CYP,Population in largest city,EN.URB.LCTY,..
Cyprus,CYP,"Unemployment, total (% of total labor force) (national estimate)",SL.UEM.TOTL.NE.ZS,7.15
Cyprus,CYP,"Literacy rate, adult total (% of people ages 15 and above)",SE.ADT.LITR.ZS,..
Czechia,CZE,Population density (people per sq. km of land area),EN.POP.DNST,138.226810266108
Czechia,CZE,"Population, total",SP.POP.TOTL,10671870
Czechia,CZE,Population in largest city,EN.URB.LCTY,1298804
Czechia,CZE,"Unemployment, total (% of total labor force) (national estimate)",SL.UEM.TOTL.NE.ZS,2.02
Czechia,CZE,"Literacy rate, adult total (% of people ages 15 and above)",SE.ADT.LITR.ZS,..
Denmark,DNK,Population density (people per sq. km of land area),EN.POP.DNST,145.36055
Denmark,DNK,"Population, total",SP.POP.TOTL,5814422
Denmark,DNK,Population in largest city,EN.URB.LCTY,1333888
Denmark,DNK,"Unemployment, total (% of total labor force) (national estimate)",SL.UEM.TOTL.NE.ZS,5.02
Denmark,DNK,"Literacy rate, adult total (% of people ages 15 and above)",SE.ADT.LITR.ZS,..
Djibouti,DJI,Population density (people per sq. km of land area),EN.POP.DNST,46.3327868852459
Djibouti,DJI,"Population, total",SP.POP.TOTL,1073994
Djibouti,DJI,Population in largest city,EN.URB.LCTY,568804
Djibouti,DJI,"Unemployment, total (% of total labor force) (national estimate)",SL.UEM.TOTL.NE.ZS,..
Djibouti,DJI,"Literacy rate, adult total (% of people ages 15 and above)",SE.ADT.LITR.ZS,..
Dominica,DMA,Population density (people per sq. km of land area),EN.POP.DNST,95.2373333333333
Dominica,DMA,"Population, total",SP.POP.TOTL,71428
Dominica,DMA,Population in largest city,EN.URB.LCTY,..
Dominica,DMA,"Unemployment, total (% of total labor force) (national estimate)",SL.UEM.TOTL.NE.ZS,..
Dominica,DMA,"Literacy rate, adult total (% of people ages 15 and above)",SE.ADT.LITR.ZS,..
Dominican Republic,DOM,Population density (people per sq. km of land area),EN.POP.DNST,228.942837306179
Dominican Republic,DOM,"Population, total",SP.POP.TOTL,10881882
Dominican Republic,DOM,Population in largest city,EN.URB.LCTY,3245021
Dominican Republic,DOM,"Unemployment, total (% of total labor force) (national estimate)",SL.UEM.TOTL.NE.ZS,6.18
Dominican Republic,DOM,"Literacy rate, adult total (% of people ages 15 and above)",SE.ADT.LITR.ZS,..
Ecuador,ECU,Population density (people per sq. km of land area),EN.POP.DNST,69.8330649057819
Ecuador,ECU,"Population, total",SP.POP.TOTL,17343740
Ecuador,ECU,Population in largest city,EN.URB.LCTY,2946158
Ecuador,ECU,"Unemployment, total (% of total labor force) (national estimate)",SL.UEM.TOTL.NE.ZS,3.81
Ecuador,ECU,"Literacy rate, adult total (% of people ages 15 and above)",SE.ADT.LITR.ZS,..
"Egypt, Arab Rep.",EGY,Population density (people per sq. km of land area),EN.POP.DNST,106.101432517957
"Egypt, Arab Rep.",EGY,"Population, total",SP.POP.TOTL,105618671
"Egypt, Arab Rep.",EGY,Population in largest city,EN.URB.LCTY,20484965
"Egypt, Arab Rep.",EGY,"Unemployment, total (% of total labor force) (national estimate)",SL.UEM.TOTL.NE.ZS,7.85
"Egypt, Arab Rep.",EGY,"Literacy rate, adult total (% of people ages 15 and above)",SE.ADT.LITR.ZS,..
El Salvador,SLV,Population density (people per sq. km of land area),EN.POP.DNST,303.099276061776
El Salvador,SLV,"Population, total",SP.POP.TOTL,6280217
El Salvador,SLV,Population in largest city,EN.URB.LCTY,1105662
El Salvador,SLV,"Unemployment, total (% of total labor force) (national estimate)",SL.UEM.TOTL.NE.ZS,4.17
El Salvador,SLV,"Literacy rate, adult total (% of people ages 15 and above)",SE.ADT.LITR.ZS,89.1379165649414
Equatorial Guinea,GNQ,Population density (people per sq. km of land area),EN.POP.DNST,55.3665240641711
Equatorial Guinea,GNQ,"Population, total",SP.POP.TOTL,1553031
Equatorial Guinea,GNQ,Population in largest city,EN.URB.LCTY,395403
Equatorial Guinea,GNQ,"Unemployment, total (% of total labor force) (national estimate)",SL.UEM.TOTL.NE.ZS,..
Equatorial Guinea,GNQ,"Literacy rate, adult total (% of people ages 15 and above)",SE.ADT.LITR.ZS,..
Eritrea,ERI,Population density (people per sq. km of land area),EN.POP.DNST,28.8966156462492
Eritrea,ERI,"Population, total",SP.POP.TOTL,3498818
Eritrea,ERI,Population in largest city,EN.URB.LCTY,928758
Eritrea,ERI,"Unemployment, total (% of total labor force) (national estimate)",SL.UEM.TOTL.NE.ZS,..
Eritrea,ERI,"Literacy rate, adult total (% of people ages 15 and above)",SE.ADT.LITR.ZS,..
Estonia,EST,Population density (people per sq. km of land area),EN.POP.DNST,31.0385497076023
Estonia,EST,"Population, total",SP.POP.TOTL,1326898
Estonia,EST,Population in largest city,EN.URB.LCTY,441321
Estonia,EST,"Unemployment, total (% of total labor force) (national estimate)",SL.UEM.TOTL.NE.ZS,4.45
Estonia,EST,"Literacy rate, adult total (% of people ages 15 and above)",SE.ADT.LITR.ZS,..
Eswatini,SWZ,Population density (people per sq. km of land area),EN.POP.DNST,68.0007558139535
Eswatini,SWZ,"Population, total",SP.POP.TOTL,1169613
Eswatini,SWZ,Population in largest city,EN.URB.LCTY,..
Eswatini,SWZ,"Unemployment, total (% of total labor force) (national estimate)",SL.UEM.TOTL.NE.ZS,..
Eswatini,SWZ,"Literacy rate, adult total (% of people ages 15 and above)",SE.ADT.LITR.ZS,..
Ethiopia,ETH,Population density (people per sq. km of land area),EN.POP.DNST,101.119564793866
Ethiopia,ETH,"Population, total",SP.POP.TOTL,114120594
Ethiopia,ETH,Population in largest city,EN.URB.LCTY,4591983
Ethiopia,ETH,"Unemployment, total (% of total labor force) (national estimate)",SL.UEM.TOTL.NE.ZS,..
Ethiopia,ETH,"Literacy rate, adult total (% of people ages 15 and above)",SE.ADT.LITR.ZS,..
Faroe Islands,FRO,Population density (people per sq. km of land area),EN.POP.DNST,37.0207736389685
Faroe Islands,FRO,"Population, total",SP.POP.TOTL,51681
Faroe Islands,FRO,Population in largest city,EN.URB.LCTY,..
Faroe Islands,FRO,"Unemployment, total (% of total labor force) (national estimate)",SL.UEM.TOTL.NE.ZS,..
Faroe Islands,FRO,"Literacy rate, adult total (% of people ages 15 and above)",SE.ADT.LITR.ZS,..
Fiji,FJI,Population density (people per sq. km of land area),EN.POP.DNST,50.2717569786535
Fiji,FJI,"Population, total",SP.POP.TOTL,918465
Fiji,FJI,Population in largest city,EN.URB.LCTY,..
Fiji,FJI,"Unemployment, total (% of total labor force) (national estimate)",SL.UEM.TOTL.NE.ZS,..
Fiji,FJI,"Literacy rate, adult total (% of people ages 15 and above)",SE.ADT.LITR.ZS,..
Finland,FIN,Population density (people per sq. km of land area),EN.POP.DNST,18.1673609054717
Finland,FIN,"Population, total",SP.POP.TOTL,5521606
Finland,FIN,Population in largest city,EN.URB.LCTY,1292232
Finland,FIN,"Unemployment, total (% of total labor force) (national estimate)",SL.UEM.TOTL.NE.ZS,6.69
Finland,FIN,"Literacy rate, adult total (% of people ages 15 and above)",SE.ADT.LITR.ZS,..
France,FRA,Population density (people per sq. km of land area),EN.POP.DNST,123.070294051578
France,FRA,"Population, total",SP.POP.TOTL,67388001
France,FRA,Population in largest city,EN.URB.LCTY,10958187
France,FRA,"Unemployment, total (% of total labor force) (national estimate)",SL.UEM.TOTL.NE.ZS,8.41
France,FRA,"Literacy rate, adult total (% of people ages 15 and above)",SE.ADT.LITR.ZS,..
French Polynesia,PYF,Population density (people per sq. km of land area),EN.POP.DNST,86.348890809565
French Polynesia,PYF,"Population, total",SP.POP.TOTL,299717
French Polynesia,PYF,Population in largest city,EN.URB.LCTY,..
French Polynesia,PYF,"Unemployment, total (% of total labor force) (national estimate)",SL.UEM.TOTL.NE.ZS,..
French Polynesia,PYF,"Literacy rate, adult total (% of people ages 15 and above)",SE.ADT.LITR.ZS,..
Gabon,GAB,Population density (people per sq. km of land area),EN.POP.DNST,8.70409826522296
Gabon,GAB,"Population, total",SP.POP.TOTL,2242785
Gabon,GAB,Population in largest city,EN.URB.LCTY,823870
Gabon,GAB,"Unemployment, total (% of total labor force) (national estimate)",SL.UEM.TOTL.NE.ZS,..
Gabon,GAB,"Literacy rate, adult total (% of people ages 15 and above)",SE.ADT.LITR.ZS,..
"Gambia, The",GMB,Population density (people per sq. km of land area),EN.POP.DNST,247.913339920949
"Gambia, The",GMB,"Population, total",SP.POP.TOTL,2508883
"Gambia, The",GMB,Population in largest city,EN.URB.LCTY,443428
"Gambia, The",GMB,"Unemployment, total (% of total labor force) (national estimate)",SL.UEM.TOTL.NE.ZS,..
"Gambia, The",GMB,"Literacy rate, adult total (% of people ages 15 and above)",SE.ADT.LITR.ZS,..
Georgia,GEO,Population density (people per sq. km of land area),EN.POP.DNST,65.0855698239966
Georgia,GEO,"Population, total",SP.POP.TOTL,3720161
Georgia,GEO,Population in largest city,EN.URB.LCTY,1077346
Georgia,GEO,"Unemployment, total (% of total labor force) (national estimate)",SL.UEM.TOTL.NE.ZS,11.57
Georgia,GEO,"Literacy rate, adult total (% of people ages 15 and above)",SE.ADT.LITR.ZS,..
Germany,DEU,Population density (people per sq. km of land area),EN.POP.DNST,237.822954291766
Germany,DEU,"Population, total",SP.POP.TOTL,83092962
Germany,DEU,Population in largest city,EN.URB.LCTY,3556792
Germany,DEU,"Unemployment, total (% of total labor force) (national estimate)",SL.UEM.TOTL.NE.ZS,3.14
Germany,DEU,"Literacy rate, adult total (% of people ages 15 and above)",SE.ADT.LITR.ZS,..
Ghana,GHA,Population density (people per sq. km of land area),EN.POP.DNST,138.535158653424
Ghana,GHA,"Population, total",SP.POP.TOTL,31522290
Ghana,GHA,Population in largest city,EN.URB.LCTY,3205586
Ghana,GHA,"Unemployment, total (% of total labor force) (national estimate)",SL.UEM.TOTL.NE.ZS,..
Ghana,GHA,"Literacy rate, adult total (% of people ages 15 and above)",SE.ADT.LITR.ZS,..
Gibraltar,GIB,Population density (people per sq. km of land area),EN.POP.DNST,3268.5
Gibraltar,GIB,"Population, total",SP.POP.TOTL,32685
Gibraltar,GIB,Population in largest city,EN.URB.LCTY,..
Gibraltar,GIB,"Unemployment, total (% of total labor force) (national estimate)",SL.UEM.TOTL.NE.ZS,..
Gibraltar,GIB,"Literacy rate, adult total (% of people ages 15 and above)",SE.ADT.LITR.ZS,..
Greece,GRC,Population density (people per sq. km of land area),EN.POP.DNST,83.1775174553918
Greece,GRC,"Population, total",SP.POP.TOTL,10721582
Greece,GRC,Population in largest city,EN.URB.LCTY,3154152
Greece,GRC,"Unemployment, total (% of total labor force) (national estimate)",SL.UEM.TOTL.NE.ZS,17.04
Greece,GRC,"Literacy rate, adult total (% of people ages 15 and above)",SE.ADT.LITR.ZS,..
Greenland,GRL,Population density (people per sq. km of land area),EN.POP.DNST,0.136983798270191
Greenland,GRL,"Population, total",SP.POP.TOTL,56225
Greenland,GRL,Population in largest city,EN.URB.LCTY,..
Greenland,GRL,"Unemployment, total (% of total labor force) (national estimate)",SL.UEM.TOTL.NE.ZS,..
Greenland,GRL,"Literacy rate, adult total (% of people ages 15 and above)",SE.ADT.LITR.ZS,..
Grenada,GRD,Population density (people per sq. km of land area),EN.POP.DNST,360.952941176471
Grenada,GRD,"Population, total",SP.POP.TOTL,122724
Grenada,GRD,Population in largest city,EN.URB.LCTY,..
Grenada,GRD,"Unemployment, total (% of total labor force) (national estimate)",SL.UEM.TOTL.NE.ZS,..
Grenada,GRD,"Literacy rate, adult total (% of people ages 15 and above)",SE.ADT.LITR.ZS,..
Guam,GUM,Population density (people per sq. km of land area),EN.POP.DNST,312.266666666667
Guam,GUM,"Population, total",SP.POP.TOTL,168624
Guam,GUM,Population in largest city,EN.URB.LCTY,..
Guam,GUM,"Unemployment, total (% of total labor force) (national estimate)",SL.UEM.TOTL.NE.ZS,..
Guam,GUM,"Literacy rate, adult total (% of people ages 15 and above)",SE.ADT.LITR.ZS,..
Guatemala,GTM,Population density (people per sq. km of land area),EN.POP.DNST,154.946117954461
Guatemala,GTM,"Population, total",SP.POP.TOTL,16604026
Guatemala,GTM,Population in largest city,EN.URB.LCTY,2891230
Guatemala,GTM,"Unemployment, total (% of total labor force) (national estimate)",SL.UEM.TOTL.NE.ZS,2.19
Guatemala,GTM,"Literacy rate, adult total (% of people ages 15 and above)",SE.ADT.LITR.ZS,..
Guinea,GIN,Population density (people per sq. km of land area),EN.POP.DNST,52.4073701774377
Guinea,GIN,"Population, total",SP.POP.TOTL,12877539
Guinea,GIN,Population in largest city,EN.URB.LCTY,1889233
Guinea,GIN,"Unemployment, total (% of total labor force) (national estimate)",SL.UEM.TOTL.NE.ZS,5.02
Guinea,GIN,"Literacy rate, adult total (% of people ages 15 and above)",SE.ADT.LITR.ZS,..
Guinea-Bissau,GNB,Population density (people per sq. km of land area),EN.POP.DNST,70.0731507823613
Guinea-Bissau,GNB,"Population, total",SP.POP.TOTL,1970457
Guinea-Bissau,GNB,Population in largest city,EN.URB.LCTY,578829
Guinea-Bissau,GNB,"Unemployment, total (% of total labor force) (national estimate)",SL.UEM.TOTL.NE.ZS,..
Guinea-Bissau,GNB,"Literacy rate, adult total (% of people ages 15 and above)",SE.ADT.LITR.ZS,..
Guyana,GUY,Population density (people per sq. km of land area),EN.POP.DNST,4.05767335534671
Guyana,GUY,"Population, total",SP.POP.TOTL,798753
Guyana,GUY,Population in largest city,EN.URB.LCTY,..
Guyana,GUY,"Unemployment, total (% of total labor force) (national estimate)",SL.UEM.TOTL.NE.ZS,13.52
Guyana,GUY,"Literacy rate, adult total (% of people ages 15 and above)",SE.ADT.LITR.ZS,..
Haiti,HTI,Population density (people per sq. km of land area),EN.POP.DNST,404.950580551524
Haiti,HTI,"Population, total",SP.POP.TOTL,11160438
Haiti,HTI,Population in largest city,EN.URB.LCTY,2704187
Haiti,HTI,"Unemployment, total (% of total labor force) (national estimate)",SL.UEM.TOTL.NE.ZS,..
Haiti,HTI,"Literacy rate, adult total (% of people ages 15 and above)",SE.ADT.LITR.ZS,..
Honduras,HND,Population density (people per sq. km of land area),EN.POP.DNST,89.0055322191438
Honduras,HND,"Population, total",SP.POP.TOTL,9958829
Honduras,HND,Population in largest city,EN.URB.LCTY,1403162
Honduras,HND,"Unemployment, total (% of total labor force) (national estimate)",SL.UEM.TOTL.NE.ZS,5.55
Honduras,HND,"Literacy rate, adult total (% of people ages 15 and above)",SE.ADT.LITR.ZS,88.5074310302734
"Hong Kong SAR, China",HKG,Population density (people per sq. km of land area),EN.POP.DNST,7150.38095238095
"Hong Kong SAR, China",HKG,"Population, total",SP.POP.TOTL,7507900
"Hong Kong SAR, China",HKG,Population in largest city,EN.URB.LCTY,7490776
"Hong Kong SAR, China",HKG,"Unemployment, total (% of total labor force) (national estimate)",SL.UEM.TOTL.NE.ZS,2.92
"Hong Kong SAR, China",HKG,"Literacy rate, adult total (% of people ages 15 and above)",SE.ADT.LITR.ZS,..
Hungary,HUN,Population density (people per sq. km of land area),EN.POP.DNST,107.069263642341
Hungary,HUN,"Population, total",SP.POP.TOTL,9771141
Hungary,HUN,Population in largest city,EN.URB.LCTY,1763913
Hungary,HUN,"Unemployment, total (% of total labor force) (national estimate)",SL.UEM.TOTL.NE.ZS,3.42
Hungary,HUN,"Literacy rate, adult total (% of people ages 15 and above)",SE.ADT.LITR.ZS,..
Iceland,ISL,Population density (people per sq. km of land area),EN.POP.DNST,3.5759496181692
Iceland,ISL,"Population, total",SP.POP.TOTL,360563
Iceland,ISL,Population in largest city,EN.URB.LCTY,..
Iceland,ISL,"Unemployment, total (% of total labor force) (national estimate)",SL.UEM.TOTL.NE.ZS,3.51
Iceland,ISL,"Literacy rate, adult total (% of people ages 15 and above)",SE.ADT.LITR.ZS,..
India,IND,Population density (people per sq. km of land area),EN.POP.DNST,465.194639427685
India,IND,"Population, total",SP.POP.TOTL,1383112050
India,IND,Population in largest city,EN.URB.LCTY,29399141
India,IND,"Unemployment, total (% of total labor force) (national estimate)",SL.UEM.TOTL.NE.ZS,6.51
India,IND,"Literacy rate, adult total (% of people ages 15 and above)",SE.ADT.LITR.ZS,..
Indonesia,IDN,Population density (people per sq. km of land area),EN.POP.DNST,143.584633764026
Indonesia,IDN,"Population, total",SP.POP.TOTL,269582878
Indonesia,IDN,Population in largest city,EN.URB.LCTY,10638689
Indonesia,IDN,"Unemployment, total (% of total labor force) (national estimate)",SL.UEM.TOTL.NE.ZS,3.59
Indonesia,IDN,"Literacy rate, adult total (% of people ages 15 and above)",SE.ADT.LITR.ZS,..
"Iran, Islamic Rep.",IRN,Population density (people per sq. km of land area),EN.POP.DNST,53.3523587057011
"Iran, Islamic Rep.",IRN,"Population, total",SP.POP.TOTL,86564202
"Iran, Islamic Rep.",IRN,Population in largest city,EN.URB.LCTY,9013663
"Iran, Islamic Rep.",IRN,"Unemployment, total (% of total labor force) (national estimate)",SL.UEM.TOTL.NE.ZS,10.74
"Iran, Islamic Rep.",IRN,"Literacy rate, adult total (% of people ages 15 and above)",SE.ADT.LITR.ZS,..
Iraq,IRQ,Population density (people per sq. km of land area),EN.POP.DNST,95.7402425091217
Iraq,IRQ,"Population, total",SP.POP.TOTL,41563520
Iraq,IRQ,Population in largest city,EN.URB.LCTY,6974439
Iraq,IRQ,"Unemployment, total (% of total labor force) (national estimate)",SL.UEM.TOTL.NE.ZS,..
Iraq,IRQ,"Literacy rate, adult total (% of people ages 15 and above)",SE.ADT.LITR.ZS,..
Ireland,IRL,Population density (people per sq. km of land area),EN.POP.DNST,71.6263608651473
Ireland,IRL,"Population, total",SP.POP.TOTL,4934340
Ireland,IRL,Population in largest city,EN.URB.LCTY,1214666
Ireland,IRL,"Unemployment, total (% of total labor force) (national estimate)",SL.UEM.TOTL.NE.ZS,4.95
Ireland,IRL,"Literacy rate, adult total (% of people ages 15 and above)",SE.ADT.LITR.ZS,..
Isle of Man,IMN,Population density (people per sq. km of land area),EN.POP.DNST,147.250877192982
Isle of Man,IMN,"Population, total",SP.POP.TOTL,83933
Isle of Man,IMN,Population in largest city,EN.URB.LCTY,..
Isle of Man,IMN,"Unemployment, total (% of total labor force) (national estimate)",SL.UEM.TOTL.NE.ZS,..
Isle of Man,IMN,"Literacy rate, adult total (% of people ages 15 and above)",SE.ADT.LITR.ZS,..
Israel,ISR,Population density (people per sq. km of land area),EN.POP.DNST,418.391866913124
Israel,ISR,"Population, total",SP.POP.TOTL,9054000
Israel,ISR,Population in largest city,EN.URB.LCTY,4096963
Israel,ISR,"Unemployment, total (% of total labor force) (national estimate)",SL.UEM.TOTL.NE.ZS,3.73
Israel,ISR,"Literacy rate, adult total (% of people ages 15 and above)",SE.ADT.LITR.ZS,..
Italy,ITA,Population density (people per sq. km of land area),EN.POP.DNST,201.980545589195
Italy,ITA,"Population, total",SP.POP.TOTL,59729081
Italy,ITA,Population in largest city,EN.URB.LCTY,4234019
Italy,ITA,"Unemployment, total (% of total labor force) (national estimate)",SL.UEM.TOTL.NE.ZS,9.95
Italy,ITA,"Literacy rate, adult total (% of people ages 15 and above)",SE.ADT.LITR.ZS,99.3490982055664
Jamaica,JAM,Population density (people per sq. km of land area),EN.POP.DNST,259.812834718375
Jamaica,JAM,"Population, total",SP.POP.TOTL,2813773
Jamaica,JAM,Population in largest city,EN.URB.LCTY,589849
Jamaica,JAM,"Unemployment, total (% of total labor force) (national estimate)",SL.UEM.TOTL.NE.ZS,4.99
Jamaica,JAM,"Literacy rate, adult total (% of people ages 15 and above)",SE.ADT.LITR.ZS,..
Japan,JPN,Population density (people per sq. km of land area),EN.POP.DNST,347.415637860082
Japan,JPN,"Population, total",SP.POP.TOTL,126633000
Japan,JPN,Population in largest city,EN.URB.LCTY,37435191
Japan,JPN,"Unemployment, total (% of total labor force) (national estimate)",SL.UEM.TOTL.NE.ZS,2.35
Japan,JPN,"Literacy rate, adult total (% of people ages 15 and above)",SE.ADT.LITR.ZS,..
Jordan,JOR,Population density (people per sq. km of land area),EN.POP.DNST,120.488805549925
Jordan,JOR,"Population, total",SP.POP.TOTL,10698683
Jordan,JOR,Population in largest city,EN.URB.LCTY,2108509
Jordan,JOR,"Unemployment, total (% of total labor force) (national estimate)",SL.UEM.TOTL.NE.ZS,16.8
Jordan,JOR,"Literacy rate, adult total (% of people ages 15 and above)",SE.ADT.LITR.ZS,..
Kazakhstan,KAZ,Population density (people per sq. km of land area),EN.POP.DNST,6.85767789013594
Kazakhstan,KAZ,"Population, total",SP.POP.TOTL,18513673
Kazakhstan,KAZ,Population in largest city,EN.URB.LCTY,1862809
Kazakhstan,KAZ,"Unemployment, total (% of total labor force) (national estimate)",SL.UEM.TOTL.NE.ZS,4.8
Kazakhstan,KAZ,"Literacy rate, adult total (% of people ages 15 and above)",SE.ADT.LITR.ZS,..
Kenya,KEN,Population density (people per sq. km of land area),EN.POP.DNST,89.5235794356397
Kenya,KEN,"Population, total",SP.POP.TOTL,50951450
Kenya,KEN,Population in largest city,EN.URB.LCTY,4556381
Kenya,KEN,"Unemployment, total (% of total labor force) (national estimate)",SL.UEM.TOTL.NE.ZS,5.01
Kenya,KEN,"Literacy rate, adult total (% of people ages 15 and above)",SE.ADT.LITR.ZS,..
Kiribati,KIR,Population density (people per sq. km of land area),EN.POP.DNST,153.383950617284
Kiribati,KIR,"Population, total",SP.POP.TOTL,124241
Kiribati,KIR,Population in largest city,EN.URB.LCTY,..
Kiribati,KIR,"Unemployment, total (% of total labor force) (national estimate)",SL.UEM.TOTL.NE.ZS,8.56
Kiribati,KIR,"Literacy rate, adult total (% of people ages 15 and above)",SE.ADT.LITR.ZS,..
"Korea, Dem. People's Rep.",PRK,Population density (people per sq. km of land area),EN.POP.DNST,213.897857320821
"Korea, Dem. People's Rep.",PRK,"Population, total",SP.POP.TOTL,25755441
"Korea, Dem. People's Rep.",PRK,Population in largest city,EN.URB.LCTY,3060864
"Korea, Dem. People's Rep.",PRK,"Unemployment, total (% of total labor force) (national estimate)",SL.UEM.TOTL.NE.ZS,..
"Korea, Dem. People's Rep.",PRK,"Literacy rate, adult total (% of people ages 15 and above)",SE.ADT.LITR.ZS,..
"Korea, Rep.",KOR,Population density (people per sq. km of land area),EN.POP.DNST,530.377274590164
"Korea, Rep.",KOR,"Population, total",SP.POP.TOTL,51764822
"Korea, Rep.",KOR,Population in largest city,EN.URB.LCTY,9962393
"Korea, Rep.",KOR,"Unemployment, total (% of total labor force) (national estimate)",SL.UEM.TOTL.NE.ZS,3.75
"Korea, Rep.",KOR,"Literacy rate, adult total (% of people ages 15 and above)",SE.ADT.LITR.ZS,..
Kosovo,XKX,Population density (people per sq. km of land area),EN.POP.DNST,..
Kosovo,XKX,"Population, total",SP.POP.TOTL,1788878
Kosovo,XKX,Population in largest city,EN.URB.LCTY,..
Kosovo,XKX,"Unemployment, total (% of total labor force) (national estimate)",SL.UEM.TOTL.NE.ZS,25.07
Kosovo,XKX,"Literacy rate, adult total (% of people ages 15 and above)",SE.ADT.LITR.ZS,..
Kuwait,KWT,Population density (people per sq. km of land area),EN.POP.DNST,249.219977553311
Kuwait,KWT,"Population, total",SP.POP.TOTL,4441100
Kuwait,KWT,Population in largest city,EN.URB.LCTY,3052493
Kuwait,KWT,"Unemployment, total (% of total labor force) (national estimate)",SL.UEM.TOTL.NE.ZS,..
Kuwait,KWT,"Literacy rate, adult total (% of people ages 15 and above)",SE.ADT.LITR.ZS,..
Kyrgyz Republic,KGZ,Population density (people per sq. km of land area),EN.POP.DNST,33.6611053180396
Kyrgyz Republic,KGZ,"Population, total",SP.POP.TOTL,6456200
Kyrgyz Republic,KGZ,Population in largest city,EN.URB.LCTY,1017166
Kyrgyz Republic,KGZ,"Unemployment, total (% of total labor force) (national estimate)",SL.UEM.TOTL.NE.ZS,4.25
Kyrgyz Republic,KGZ,"Literacy rate, adult total (% of people ages 15 and above)",SE.ADT.LITR.ZS,99.5999984741211
Lao PDR,LAO,Population density (people per sq. km of land area),EN.POP.DNST,31.2480632582322
Lao PDR,LAO,"Population, total",SP.POP.TOTL,7212053
Lao PDR,LAO,Population in largest city,EN.URB.LCTY,673061
Lao PDR,LAO,"Unemployment, total (% of total labor force) (national estimate)",SL.UEM.TOTL.NE.ZS,..
Lao PDR,LAO,"Literacy rate, adult total (% of people ages 15 and above)",SE.ADT.LITR.ZS,..
Latvia,LVA,Population density (people per sq. km of land area),EN.POP.DNST,30.755491989008
Latvia,LVA,"Population, total",SP.POP.TOTL,1913822
Latvia,LVA,Population in largest city,EN.URB.LCTY,633820
Latvia,LVA,"Unemployment, total (% of total labor force) (national estimate)",SL.UEM.TOTL.NE.ZS,6.31
Latvia,LVA,"Literacy rate, adult total (% of people ages 15 and above)",SE.ADT.LITR.ZS,..
Lebanon,LBN,Population density (people per sq. km of land area),EN.POP.DNST,565.191300097752
Lebanon,LBN,"Population, total",SP.POP.TOTL,5781907
Lebanon,LBN,Population in largest city,EN.URB.LCTY,2406875
Lebanon,LBN,"Unemployment, total (% of total labor force) (national estimate)",SL.UEM.TOTL.NE.ZS,11.3
Lebanon,LBN,"Literacy rate, adult total (% of people ages 15 and above)",SE.ADT.LITR.ZS,95.3000030517578
Lesotho,LSO,Population density (people per sq. km of land area),EN.POP.DNST,73.3103425559947
Lesotho,LSO,"Population, total",SP.POP.TOTL,2225702
Lesotho,LSO,Population in largest city,EN.URB.LCTY,..
Lesotho,LSO,"Unemployment, total (% of total labor force) (national estimate)",SL.UEM.TOTL.NE.ZS,16.88
Lesotho,LSO,"Literacy rate, adult total (% of people ages 15 and above)",SE.ADT.LITR.ZS,..
Liberia,LBR,Population density (people per sq. km of land area),EN.POP.DNST,51.7575685215947
Liberia,LBR,"Population, total",SP.POP.TOTL,4985289
Liberia,LBR,Population in largest city,EN.URB.LCTY,1467026
Liberia,LBR,"Unemployment, total (% of total labor force) (national estimate)",SL.UEM.TOTL.NE.ZS,..
Liberia,LBR,"Literacy rate, adult total (% of people ages 15 and above)",SE.ADT.LITR.ZS,..
Libya,LBY,Population density (people per sq. km of land area),EN.POP.DNST,3.73341214180979
Libya,LBY,"Population, total",SP.POP.TOTL,6569088
Libya,LBY,Population in largest city,EN.URB.LCTY,1160918
Libya,LBY,"Unemployment, total (% of total labor force) (national estimate)",SL.UEM.TOTL.NE.ZS,..
Libya,LBY,"Literacy rate, adult total (% of people ages 15 and above)",SE.ADT.LITR.ZS,..
Liechtenstein,LIE,Population density (people per sq. km of land area),EN.POP.DNST,240.5125
Liechtenstein,LIE,"Population, total",SP.POP.TOTL,38482
Liechtenstein,LIE,Population in largest city,EN.URB.LCTY,..
Liechtenstein,LIE,"Unemployment, total (% of total labor force) (national estimate)",SL.UEM.TOTL.NE.ZS,..
Liechtenstein,LIE,"Literacy rate, adult total (% of people ages 15 and above)",SE.ADT.LITR.ZS,..
Lithuania,LTU,Population density (people per sq. km of land area),EN.POP.DNST,44.6205206004471
Lithuania,LTU,"Population, total",SP.POP.TOTL,2794137
Lithuania,LTU,Population in largest city,EN.URB.LCTY,537563
Lithuania,LTU,"Unemployment, total (% of total labor force) (national estimate)",SL.UEM.TOTL.NE.ZS,6.26
Lithuania,LTU,"Literacy rate, adult total (% of people ages 15 and above)",SE.ADT.LITR.ZS,..
Luxembourg,LUX,Population density (people per sq. km of land area),EN.POP.DNST,240.827591028798
Luxembourg,LUX,"Population, total",SP.POP.TOTL,620001
Luxembourg,LUX,Population in largest city,EN.URB.LCTY,..
Luxembourg,LUX,"Unemployment, total (% of total labor force) (national estimate)",SL.UEM.TOTL.NE.ZS,5.59
Luxembourg,LUX,"Literacy rate, adult total (% of people ages 15 and above)",SE.ADT.LITR.ZS,..
"Macao SAR, China",MAC,Population density (people per sq. km of land area),EN.POP.DNST,20171.8237082067
"Macao SAR, China",MAC,"Population, total",SP.POP.TOTL,663653
"Macao SAR, China",MAC,Population in largest city,EN.URB.LCTY,642090
"Macao SAR, China",MAC,"Unemployment, total (% of total labor force) (national estimate)",SL.UEM.TOTL.NE.ZS,1.75
"Macao SAR, China",MAC,"Literacy rate, adult total (% of people ages 15 and above)",SE.ADT.LITR.ZS,..
Madagascar,MDG,Population density (people per sq. km of land area),EN.POP.DNST,47.3240529391543
Madagascar,MDG,"Population, total",SP.POP.TOTL,27533134
Madagascar,MDG,Population in largest city,EN.URB.LCTY,3210386
Madagascar,MDG,"Unemployment, total (% of total labor force) (national estimate)",SL.UEM.TOTL.NE.ZS,..
Madagascar,MDG,"Literacy rate, adult total (% of people ages 15 and above)",SE.ADT.LITR.ZS,..
Malawi,MWI,Population density (people per sq. km of land area),EN.POP.DNST,200.12024819686
Malawi,MWI,"Population, total",SP.POP.TOTL,18867337
Malawi,MWI,Population in largest city,EN.URB.LCTY,1074695
Malawi,MWI,"Unemployment, total (% of total labor force) (national estimate)",SL.UEM.TOTL.NE.ZS,..
Malawi,MWI,"Literacy rate, adult total (% of people ages 15 and above)",SE.ADT.LITR.ZS,..
Malaysia,MYS,Population density (people per sq. km of land area),EN.POP.DNST,99.8448333586973
Malaysia,MYS,"Population, total",SP.POP.TOTL,32804020
Malaysia,MYS,Population in largest city,EN.URB.LCTY,7780301
Malaysia,MYS,"Unemployment, total (% of total labor force) (national estimate)",SL.UEM.TOTL.NE.ZS,3.26
Malaysia,MYS,"Literacy rate, adult total (% of people ages 15 and above)",SE.ADT.LITR.ZS,..
Maldives,MDV,Population density (people per sq. km of land area),EN.POP.DNST,1681.69333333333
Maldives,MDV,"Population, total",SP.POP.TOTL,504508
Maldives,MDV,Population in largest city,EN.URB.LCTY,..
Maldives,MDV,"Unemployment, total (% of total labor force) (national estimate)",SL.UEM.TOTL.NE.ZS,4.56
Maldives,MDV,"Literacy rate, adult total (% of people ages 15 and above)",SE.ADT.LITR.ZS,..
Mali,MLI,Population density (people per sq. km of land area),EN.POP.DNST,16.8559191601308
Mali,MLI,"Population, total",SP.POP.TOTL,20567424
Mali,MLI,Population in largest city,EN.URB.LCTY,2529328
Mali,MLI,"Unemployment, total (% of total labor force) (national estimate)",SL.UEM.TOTL.NE.ZS,..
Mali,MLI,"Literacy rate, adult total (% of people ages 15 and above)",SE.ADT.LITR.ZS,..
Malta,MLT,Population density (people per sq. km of land area),EN.POP.DNST,1575.19375
Malta,MLT,"Population, total",SP.POP.TOTL,504062
Malta,MLT,Population in largest city,EN.URB.LCTY,..
Malta,MLT,"Unemployment, total (% of total labor force) (national estimate)",SL.UEM.TOTL.NE.ZS,3.62
Malta,MLT,"Literacy rate, adult total (% of people ages 15 and above)",SE.ADT.LITR.ZS,..
Marshall Islands,MHL,Population density (people per sq. km of land area),EN.POP.DNST,248.488888888889
Marshall Islands,MHL,"Population, total",SP.POP.TOTL,44728
Marshall Islands,MHL,Population in largest city,EN.URB.LCTY,..
Marshall Islands,MHL,"Unemployment, total (% of total labor force) (national estimate)",SL.UEM.TOTL.NE.ZS,6.34
Marshall Islands,MHL,"Literacy rate, adult total (% of people ages 15 and above)",SE.ADT.LITR.ZS,..
Mauritania,MRT,Population density (people per sq. km of land area),EN.POP.DNST,4.25327350344426
Mauritania,MRT,"Population, total",SP.POP.TOTL,4383849
Mauritania,MRT,Population in largest city,EN.URB.LCTY,1258973
Mauritania,MRT,"Unemployment, total (% of total labor force) (national estimate)",SL.UEM.TOTL.NE.ZS,10.42
Mauritania,MRT,"Literacy rate, adult total (% of people ages 15 and above)",SE.ADT.LITR.ZS,..
Mauritius,MUS,Population density (people per sq. km of land area),EN.POP.DNST,633.943415122684
Mauritius,MUS,"Population, total",SP.POP.TOTL,1265985
Mauritius,MUS,Population in largest city,EN.URB.LCTY,..
Mauritius,MUS,"Unemployment, total (% of total labor force) (national estimate)",SL.UEM.TOTL.NE.ZS,6.33
Mauritius,MUS,"Literacy rate, adult total (% of people ages 15 and above)",SE.ADT.LITR.ZS,..
Mexico,MEX,Population density (people per sq. km of land area),EN.POP.DNST,64.3459507703387
Mexico,MEX,"Population, total",SP.POP.TOTL,125085311
Mexico,MEX,Population in largest city,EN.URB.LCTY,21671908
Mexico,MEX,"Unemployment, total (% of total labor force) (national estimate)",SL.UEM.TOTL.NE.ZS,3.48
Mexico,MEX,"Literacy rate, adult total (% of people ages 15 and above)",SE.ADT.LITR.ZS,..
"Micronesia, Fed. Sts.",FSM,Population density (people per sq. km of land area),EN.POP.DNST,159.112857142857
"Micronesia, Fed. Sts.",FSM,"Population, total",SP.POP.TOTL,111379
"Micronesia, Fed. Sts.",FSM,Population in largest city,EN.URB.LCTY,..
"Micronesia, Fed. Sts.",FSM,"Unemployment, total (% of total labor force) (national estimate)",SL.UEM.TOTL.NE.ZS,..
"Micronesia, Fed. Sts.",FSM,"Literacy rate, adult total (% of people ages 15 and above)",SE.ADT.LITR.ZS,..
Moldova,MDA,Population density (people per sq. km of land area),EN.POP.DNST,92.756093569939
Moldova,MDA,"Population, total",SP.POP.TOTL,2664224
Moldova,MDA,Population in largest city,EN.URB.LCTY,504342
Moldova,MDA,"Unemployment, total (% of total labor force) (national estimate)",SL.UEM.TOTL.NE.ZS,1.5
Moldova,MDA,"Literacy rate, adult total (% of people ages 15 and above)",SE.ADT.LITR.ZS,..
Monaco,MCO,Population density (people per sq. km of land area),EN.POP.DNST,18270.350271337
Monaco,MCO,"Population, total",SP.POP.TOTL,37034
Monaco,MCO,Population in largest city,EN.URB.LCTY,..
Monaco,MCO,"Unemployment, total (% of total labor force) (national estimate)",SL.UEM.TOTL.NE.ZS,..
Monaco,MCO,"Literacy rate, adult total (% of people ages 15 and above)",SE.ADT.LITR.ZS,..
Mongolia,MNG,Population density (people per sq. km of land area),EN.POP.DNST,2.07571898811886
Mongolia,MNG,"Population, total",SP.POP.TOTL,3232430
Mongolia,MNG,Population in largest city,EN.URB.LCTY,1552654
Mongolia,MNG,"Unemployment, total (% of total labor force) (national estimate)",SL.UEM.TOTL.NE.ZS,9.27
Mongolia,MNG,"Literacy rate, adult total (% of people ages 15 and above)",SE.ADT.LITR.ZS,..
Montenegro,MNE,Population density (people per sq. km of land area),EN.POP.DNST,46.2474349442379
Montenegro,MNE,"Population, total",SP.POP.TOTL,622028
Montenegro,MNE,Population in largest city,EN.URB.LCTY,..
Montenegro,MNE,"Unemployment, total (% of total labor force) (national estimate)",SL.UEM.TOTL.NE.ZS,15.13
Montenegro,MNE,"Literacy rate, adult total (% of people ages 15 and above)",SE.ADT.LITR.ZS,..
Morocco,MAR,Population density (people per sq. km of land area),EN.POP.DNST,81.3453013667936
Morocco,MAR,"Population, total",SP.POP.TOTL,36304408
Morocco,MAR,Population in largest city,EN.URB.LCTY,3716093
Morocco,MAR,"Unemployment, total (% of total labor force) (national estimate)",SL.UEM.TOTL.NE.ZS,..
Morocco,MAR,"Literacy rate, adult total (% of people ages 15 and above)",SE.ADT.LITR.ZS,..
Mozambique,MOZ,Population density (people per sq. km of land area),EN.POP.DNST,38.5126719906407
Mozambique,MOZ,"Population, total",SP.POP.TOTL,30285595
Mozambique,MOZ,Population in largest city,EN.URB.LCTY,1668740
Mozambique,MOZ,"Unemployment, total (% of total labor force) (national estimate)",SL.UEM.TOTL.NE.ZS,..
Mozambique,MOZ,"Literacy rate, adult total (% of people ages 15 and above)",SE.ADT.LITR.ZS,..
Myanmar,MMR,Population density (people per sq. km of land area),EN.POP.DNST,81.2627730963689
Myanmar,MMR,"Population, total",SP.POP.TOTL,53040212
Myanmar,MMR,Population in largest city,EN.URB.LCTY,5243989
Myanmar,MMR,"Unemployment, total (% of total labor force) (national estimate)",SL.UEM.TOTL.NE.ZS,0.41
Myanmar,MMR,"Literacy rate, adult total (% of people ages 15 and above)",SE.ADT.LITR.ZS,89.0699462890625
Namibia,NAM,Population density (people per sq. km of land area),EN.POP.DNST,2.97178879860074
Namibia,NAM,"Population, total",SP.POP.TOTL,2446644
Namibia,NAM,Population in largest city,EN.URB.LCTY,417380
Namibia,NAM,"Unemployment, total (% of total labor force) (national estimate)",SL.UEM.TOTL.NE.ZS,..
Namibia,NAM,"Literacy rate, adult total (% of people ages 15 and above)",SE.ADT.LITR.ZS,..
Nauru,NRU,Population density (people per sq. km of land area),EN.POP.DNST,606.6
Nauru,NRU,"Population, total",SP.POP.TOTL,12132
Nauru,NRU,Population in largest city,EN.URB.LCTY,..
Nauru,NRU,"Unemployment, total (% of total labor force) (national estimate)",SL.UEM.TOTL.NE.ZS,..
Nauru,NRU,"Literacy rate, adult total (% of people ages 15 and above)",SE.ADT.LITR.ZS,..
Nepal,NPL,Population density (people per sq. km of land area),EN.POP.DNST,201.133561213812
Nepal,NPL,"Population, total",SP.POP.TOTL,28832496
Nepal,NPL,Population in largest city,EN.URB.LCTY,1376108
Nepal,NPL,"Unemployment, total (% of total labor force) (national estimate)",SL.UEM.TOTL.NE.ZS,..
Nepal,NPL,"Literacy rate, adult total (% of people ages 15 and above)",SE.ADT.LITR.ZS,..
Netherlands,NLD,Population density (people per sq. km of land area),EN.POP.DNST,515.143272943273
Netherlands,NLD,"Population, total",SP.POP.TOTL,17344874
Netherlands,NLD,Population in largest city,EN.URB.LCTY,1140339
Netherlands,NLD,"Unemployment, total (% of total labor force) (national estimate)",SL.UEM.TOTL.NE.ZS,3.38
Netherlands,NLD,"Literacy rate, adult total (% of people ages 15 and above)",SE.ADT.LITR.ZS,..
New Caledonia,NCL,Population density (people per sq. km of land area),EN.POP.DNST,14.8380743982495
New Caledonia,NCL,"Population, total",SP.POP.TOTL,271240
New Caledonia,NCL,Population in largest city,EN.URB.LCTY,..
New Caledonia,NCL,"Unemployment, total (% of total labor force) (national estimate)",SL.UEM.TOTL.NE.ZS,10.88
New Caledonia,NCL,"Literacy rate, adult total (% of people ages 15 and above)",SE.ADT.LITR.ZS,..
New Zealand,NZL,Population density (people per sq. km of land area),EN.POP.DNST,18.9100300026585
New Zealand,NZL,"Population, total",SP.POP.TOTL,4979200
New Zealand,NZL,Population in largest city,EN.URB.LCTY,1582028
New Zealand,NZL,"Unemployment, total (% of total labor force) (national estimate)",SL.UEM.TOTL.NE.ZS,4.11
New Zealand,NZL,"Literacy rate, adult total (% of people ages 15 and above)",SE.ADT.LITR.ZS,..
Nicaragua,NIC,Population density (people per sq. km of land area),EN.POP.DNST,55.3758018946319
Nicaragua,NIC,"Population, total",SP.POP.TOTL,6663924
Nicaragua,NIC,Population in largest city,EN.URB.LCTY,1055472
Nicaragua,NIC,"Unemployment, total (% of total labor force) (national estimate)",SL.UEM.TOTL.NE.ZS,..
Nicaragua,NIC,"Literacy rate, adult total (% of people ages 15 and above)",SE.ADT.LITR.ZS,..
Niger,NER,Population density (people per sq. km of land area),EN.POP.DNST,18.507454803821
Niger,NER,"Population, total",SP.POP.TOTL,23443393
Niger,NER,Population in largest city,EN.URB.LCTY,1251511
Niger,NER,"Unemployment, total (% of total labor force) (national estimate)",SL.UEM.TOTL.NE.ZS,..
Niger,NER,"Literacy rate, adult total (% of people ages 15 and above)",SE.ADT.LITR.ZS,..
Nigeria,NGA,Population density (people per sq. km of land area),EN.POP.DNST,223.222648967357
Nigeria,NGA,"Population, total",SP.POP.TOTL,203304492
Nigeria,NGA,Population in largest city,EN.URB.LCTY,13903620
Nigeria,NGA,"Unemployment, total (% of total labor force) (national estimate)",SL.UEM.TOTL.NE.ZS,10.7
Nigeria,NGA,"Literacy rate, adult total (% of people ages 15 and above)",SE.ADT.LITR.ZS,..
North Macedonia,MKD,Population density (people per sq. km of land area),EN.POP.DNST,82.3431403647898
North Macedonia,MKD,"Population, total",SP.POP.TOTL,2076694
North Macedonia,MKD,Population in largest city,EN.URB.LCTY,589751
North Macedonia,MKD,"Unemployment, total (% of total labor force) (national estimate)",SL.UEM.TOTL.NE.ZS,17.39
North Macedonia,MKD,"Literacy rate, adult total (% of people ages 15 and above)",SE.ADT.LITR.ZS,..
Northern Mariana Islands,MNP,Population density (people per sq. km of land area),EN.POP.DNST,108.386956521739
Northern Mariana Islands,MNP,"Population, total",SP.POP.TOTL,49858
Northern Mariana Islands,MNP,Population in largest city,EN.URB.LCTY,..
Northern Mariana Islands,MNP,"Unemployment, total (% of total labor force) (national estimate)",SL.UEM.TOTL.NE.ZS,..
Northern Mariana Islands,MNP,"Literacy rate, adult total (% of people ages 15 and above)",SE.ADT.LITR.ZS,..
Norway,NOR,Population density (people per sq. km of land area),EN.POP.DNST,14.6479975020132
Norway,NOR,"Population, total",SP.POP.TOTL,5347896
Norway,NOR,Population in largest city,EN.URB.LCTY,1026758
Norway,NOR,"Unemployment, total (% of total labor force) (national estimate)",SL.UEM.TOTL.NE.ZS,3.69
Norway,NOR,"Literacy rate, adult total (% of people ages 15 and above)",SE.ADT.LITR.ZS,..
Oman,OMN,Population density (people per sq. km of land area),EN.POP.DNST,14.8716252019386
Oman,OMN,"Population, total",SP.POP.TOTL,4602768
Oman,OMN,Population in largest city,EN.URB.LCTY,1501635
Oman,OMN,"Unemployment, total (% of total labor force) (national estimate)",SL.UEM.TOTL.NE.ZS,..
Oman,OMN,"Literacy rate, adult total (% of people ages 15 and above)",SE.ADT.LITR.ZS,..
Pakistan,PAK,Population density (people per sq. km of land area),EN.POP.DNST,289.660232461602
Pakistan,PAK,"Population, total",SP.POP.TOTL,223293280
Pakistan,PAK,Population in largest city,EN.URB.LCTY,15741406
Pakistan,PAK,"Unemployment, total (% of total labor force) (national estimate)",SL.UEM.TOTL.NE.ZS,4.83
Pakistan,PAK,"Literacy rate, adult total (% of people ages 15 and above)",SE.ADT.LITR.ZS,57.9988594055176
Palau,PLW,Population density (people per sq. km of land area),EN.POP.DNST,38.9478260869565
Palau,PLW,"Population, total",SP.POP.TOTL,17916
Palau,PLW,Population in largest city,EN.URB.LCTY,..
Palau,PLW,"Unemployment, total (% of total labor force) (national estimate)",SL.UEM.TOTL.NE.ZS,..
Palau,PLW,"Literacy rate, adult total (% of people ages 15 and above)",SE.ADT.LITR.ZS,..
Panama,PAN,Population density (people per sq. km of land area),EN.POP.DNST,57.0575896468051
Panama,PAN,"Population, total",SP.POP.TOTL,4232532
Panama,PAN,Population in largest city,EN.URB.LCTY,1821693
Panama,PAN,"Unemployment, total (% of total labor force) (national estimate)",SL.UEM.TOTL.NE.ZS,6.41
Panama,PAN,"Literacy rate, adult total (% of people ages 15 and above)",SE.ADT.LITR.ZS,95.7360763549805
Papua New Guinea,PNG,Population density (people per sq. km of land area),EN.POP.DNST,21.0716027028221
Papua New Guinea,PNG,"Population, total",SP.POP.TOTL,9542486
Papua New Guinea,PNG,Population in largest city,EN.URB.LCTY,374517
Papua New Guinea,PNG,"Unemployment, total (% of total labor force) (national estimate)",SL.UEM.TOTL.NE.ZS,..
Papua New Guinea,PNG,"Literacy rate, adult total (% of people ages 15 and above)",SE.ADT.LITR.ZS,..
Paraguay,PRY,Population density (people per sq. km of land area),EN.POP.DNST,16.436008054367
Paraguay,PRY,"Population, total",SP.POP.TOTL,6530026
Paraguay,PRY,Population in largest city,EN.URB.LCTY,3279160
Paraguay,PRY,"Unemployment, total (% of total labor force) (national estimate)",SL.UEM.TOTL.NE.ZS,6.59
Paraguay,PRY,"Literacy rate, adult total (% of people ages 15 and above)",SE.ADT.LITR.ZS,93.2135314941406
Peru,PER,Population density (people per sq. km of land area),EN.POP.DNST,25.64442265625
Peru,PER,"Population, total",SP.POP.TOTL,32824861
Peru,PER,Population in largest city,EN.URB.LCTY,10554712
Peru,PER,"Unemployment, total (% of total labor force) (national estimate)",SL.UEM.TOTL.NE.ZS,3.38
Peru,PER,"Literacy rate, adult total (% of people ages 15 and above)",SE.ADT.LITR.ZS,..
Philippines,PHL,Population density (people per sq. km of land area),EN.POP.DNST,370.194197940772
Philippines,PHL,"Population, total",SP.POP.TOTL,110380804
Philippines,PHL,Population in largest city,EN.URB.LCTY,13698889
Philippines,PHL,"Unemployment, total (% of total labor force) (national estimate)",SL.UEM.TOTL.NE.ZS,2.24
Philippines,PHL,"Literacy rate, adult total (% of people ages 15 and above)",SE.ADT.LITR.ZS,96.2781677246094
Poland,POL,Population density (people per sq. km of land area),EN.POP.DNST,124.025595374212
Poland,POL,"Population, total",SP.POP.TOTL,37965475
Poland,POL,Population in largest city,EN.URB.LCTY,1775933
Poland,POL,"Unemployment, total (% of total labor force) (national estimate)",SL.UEM.TOTL.NE.ZS,3.28
Poland,POL,"Literacy rate, adult total (% of people ages 15 and above)",SE.ADT.LITR.ZS,..
Portugal,PRT,Population density (people per sq. km of land area),EN.POP.DNST,112.288582794065
Portugal,PRT,"Population, total",SP.POP.TOTL,10286263
Portugal,PRT,Population in largest city,EN.URB.LCTY,2942097
Portugal,PRT,"Unemployment, total (% of total labor force) (national estimate)",SL.UEM.TOTL.NE.ZS,6.46
Portugal,PRT,"Literacy rate, adult total (% of people ages 15 and above)",SE.ADT.LITR.ZS,..
Puerto Rico,PRI,Population density (people per sq. km of land area),EN.POP.DNST,360.055693348365
Puerto Rico,PRI,"Population, total",SP.POP.TOTL,3193694
Puerto Rico,PRI,Population in largest city,EN.URB.LCTY,2451375
Puerto Rico,PRI,"Unemployment, total (% of total labor force) (national estimate)",SL.UEM.TOTL.NE.ZS,8.3
Puerto Rico,PRI,"Literacy rate, adult total (% of people ages 15 and above)",SE.ADT.LITR.ZS,..
Qatar,QAT,Population density (people per sq. km of land area),EN.POP.DNST,244.319843342037
Qatar,QAT,"Population, total",SP.POP.TOTL,2807235
Qatar,QAT,Population in largest city,EN.URB.LCTY,715997
Qatar,QAT,"Unemployment, total (% of total labor force) (national estimate)",SL.UEM.TOTL.NE.ZS,0.1
Qatar,QAT,"Literacy rate, adult total (% of people ages 15 and above)",SE.ADT.LITR.ZS,..
Romania,ROU,Population density (people per sq. km of land area),EN.POP.DNST,84.1952712100139
Romania,ROU,"Population, total",SP.POP.TOTL,19371648
Romania,ROU,Population in largest city,EN.URB.LCTY,1812290
Romania,ROU,"Unemployment, total (% of total labor force) (national estimate)",SL.UEM.TOTL.NE.ZS,3.91
Romania,ROU,"Literacy rate, adult total (% of people ages 15 and above)",SE.ADT.LITR.ZS,..
Russian Federation,RUS,Population density (people per sq. km of land area),EN.POP.DNST,8.81769599441163
Russian Federation,RUS,"Population, total",SP.POP.TOTL,144406261
Russian Federation,RUS,Population in largest city,EN.URB.LCTY,12476171
Russian Federation,RUS,"Unemployment, total (% of total labor force) (national estimate)",SL.UEM.TOTL.NE.ZS,4.5
Russian Federation,RUS,"Literacy rate, adult total (% of people ages 15 and above)",SE.ADT.LITR.ZS,..
Rwanda,RWA,Population density (people per sq. km of land area),EN.POP.DNST,520.268666396433
Rwanda,RWA,"Population, total",SP.POP.TOTL,12835028
Rwanda,RWA,Population in largest city,EN.URB.LCTY,1094796
Rwanda,RWA,"Unemployment, total (% of total labor force) (national estimate)",SL.UEM.TOTL.NE.ZS,11.24
Rwanda,RWA,"Literacy rate, adult total (% of people ages 15 and above)",SE.ADT.LITR.ZS,..
Samoa,WSM,Population density (people per sq. km of land area),EN.POP.DNST,76.2248201438849
Samoa,WSM,"Population, total",SP.POP.TOTL,211905
Samoa,WSM,Population in largest city,EN.URB.LCTY,..
Samoa,WSM,"Unemployment, total (% of total labor force) (national estimate)",SL.UEM.TOTL.NE.ZS,..
Samoa,WSM,"Literacy rate, adult total (% of people ages 15 and above)",SE.ADT.LITR.ZS,..
San Marino,SMR,Population density (people per sq. km of land area),EN.POP.DNST,569.633333333333
San Marino,SMR,"Population, total",SP.POP.TOTL,34178
San Marino,SMR,Population in largest city,EN.URB.LCTY,..
San Marino,SMR,"Unemployment, total (% of total labor force) (national estimate)",SL.UEM.TOTL.NE.ZS,7.54
San Marino,SMR,"Literacy rate, adult total (% of people ages 15 and above)",SE.ADT.LITR.ZS,..
Sao Tome and Principe,STP,Population density (people per sq. km of land area),EN.POP.DNST,223.540625
Sao Tome and Principe,STP,"Population, total",SP.POP.TOTL,214599
Sao Tome and Principe,STP,Population in largest city,EN.URB.LCTY,..
Sao Tome and Principe,STP,"Unemployment, total (% of total labor force) (national estimate)",SL.UEM.TOTL.NE.ZS,..
Sao Tome and Principe,STP,"Literacy rate, adult total (% of people ages 15 and above)",SE.ADT.LITR.ZS,..
Saudi Arabia,SAU,Population density (people per sq. km of land area),EN.POP.DNST,16.6662923491294
Saudi Arabia,SAU,"Population, total",SP.POP.TOTL,35827362
Saudi Arabia,SAU,Population in largest city,EN.URB.LCTY,7070665
Saudi Arabia,SAU,"Unemployment, total (% of total labor force) (national estimate)",SL.UEM.TOTL.NE.ZS,5.64
Saudi Arabia,SAU,"Literacy rate, adult total (% of people ages 15 and above)",SE.ADT.LITR.ZS,..
Senegal,SEN,Population density (people per sq. km of land area),EN.POP.DNST,83.1079883654495
Senegal,SEN,"Population, total",SP.POP.TOTL,16000781
Senegal,SEN,Population in largest city,EN.URB.LCTY,3057065
Senegal,SEN,"Unemployment, total (% of total labor force) (national estimate)",SL.UEM.TOTL.NE.ZS,2.86
Senegal,SEN,"Literacy rate, adult total (% of people ages 15 and above)",SE.ADT.LITR.ZS,..
Serbia,SRB,Population density (people per sq. km of land area),EN.POP.DNST,79.4104161902584
Serbia,SRB,"Population, total",SP.POP.TOTL,6945235
Serbia,SRB,Population in largest city,EN.URB.LCTY,1393717
Serbia,SRB,"Unemployment, total (% of total labor force) (national estimate)",SL.UEM.TOTL.NE.ZS,10.39
Serbia,SRB,"Literacy rate, adult total (% of people ages 15 and above)",SE.ADT.LITR.ZS,99.4825286865234
Seychelles,SYC,Population density (people per sq. km of land area),EN.POP.DNST,212.228260869565
Seychelles,SYC,"Population, total",SP.POP.TOTL,97625
Seychelles,SYC,Population in largest city,EN.URB.LCTY,..
Seychelles,SYC,"Unemployment, total (% of total labor force) (national estimate)",SL.UEM.TOTL.NE.ZS,2.97
Seychelles,SYC,"Literacy rate, adult total (% of people ages 15 and above)",SE.ADT.LITR.ZS,..
Sierra Leone,SLE,Population density (people per sq. km of land area),EN.POP.DNST,111.482793017456
Sierra Leone,SLE,"Population, total",SP.POP.TOTL,8046828
Sierra Leone,SLE,Population in largest city,EN.URB.LCTY,1168424
Sierra Leone,SLE,"Unemployment, total (% of total labor force) (national estimate)",SL.UEM.TOTL.NE.ZS,..
Sierra Leone,SLE,"Literacy rate, adult total (% of people ages 15 and above)",SE.ADT.LITR.ZS,..
Singapore,SGP,Population density (people per sq. km of land area),EN.POP.DNST,7965.87849162011
Singapore,SGP,"Population, total",SP.POP.TOTL,5703569
Singapore,SGP,Population in largest city,EN.URB.LCTY,5868104
Singapore,SGP,"Unemployment, total (% of total labor force) (national estimate)",SL.UEM.TOTL.NE.ZS,3.1
Singapore,SGP,"Literacy rate, adult total (% of people ages 15 and above)",SE.ADT.LITR.ZS,97.4795837402344
Sint Maarten (Dutch part),SXM,Population density (people per sq. km of land area),EN.POP.DNST,1223.76470588235
Sint Maarten (Dutch part),SXM,"Population, total",SP.POP.TOTL,41608
Sint Maarten (Dutch part),SXM,Population in largest city,EN.URB.LCTY,..
Sint Maarten (Dutch part),SXM,"Unemployment, total (% of total labor force) (national estimate)",SL.UEM.TOTL.NE.ZS,..
Sint Maarten (Dutch part),SXM,"Literacy rate, adult total (% of people ages 15 and above)",SE.ADT.LITR.ZS,..
Slovak Republic,SVK,Population density (people per sq. km of land area),EN.POP.DNST,113.43899750416
Slovak Republic,SVK,"Population, total",SP.POP.TOTL,5454147
Slovak Republic,SVK,Population in largest city,EN.URB.LCTY,432508
Slovak Republic,SVK,"Unemployment, total (% of total labor force) (national estimate)",SL.UEM.TOTL.NE.ZS,5.76
Slovak Republic,SVK,"Literacy rate, adult total (% of people ages 15 and above)",SE.ADT.LITR.ZS,..
Slovenia,SVN,Population density (people per sq. km of land area),EN.POP.DNST,103.711934605987
Slovenia,SVN,"Population, total",SP.POP.TOTL,2088385
Slovenia,SVN,Population in largest city,EN.URB.LCTY,..
Slovenia,SVN,"Unemployment, total (% of total labor force) (national estimate)",SL.UEM.TOTL.NE.ZS,4.45
Slovenia,SVN,"Literacy rate, adult total (% of people ages 15 and above)",SE.ADT.LITR.ZS,..
Solomon Islands,SLB,Population density (people per sq. km of land area),EN.POP.DNST,24.115505537692
Solomon Islands,SLB,"Population, total",SP.POP.TOTL,674993
Solomon Islands,SLB,Population in largest city,EN.URB.LCTY,..
Solomon Islands,SLB,"Unemployment, total (% of total labor force) (national estimate)",SL.UEM.TOTL.NE.ZS,..
Solomon Islands,SLB,"Literacy rate, adult total (% of people ages 15 and above)",SE.ADT.LITR.ZS,..
Somalia,SOM,Population density (people per sq. km of land area),EN.POP.DNST,25.4747027130424
Somalia,SOM,"Population, total",SP.POP.TOTL,15981300
Somalia,SOM,Population in largest city,EN.URB.LCTY,2179855
Somalia,SOM,"Unemployment, total (% of total labor force) (national estimate)",SL.UEM.TOTL.NE.ZS,18.83
Somalia,SOM,"Literacy rate, adult total (% of people ages 15 and above)",SE.ADT.LITR.ZS,..
South Africa,ZAF,Population density (people per sq. km of land area),EN.POP.DNST,47.8835494481036
South Africa,ZAF,"Population, total",SP.POP.TOTL,58087055
South Africa,ZAF,Population in largest city,EN.URB.LCTY,5635127
South Africa,ZAF,"Unemployment, total (% of total labor force) (national estimate)",SL.UEM.TOTL.NE.ZS,25.54
South Africa,ZAF,"Literacy rate, adult total (% of people ages 15 and above)",SE.ADT.LITR.ZS,95.0229721069336
South Sudan,SSD,Population density (people per sq. km of land area),EN.POP.DNST,16.5329482695868
South Sudan,SSD,"Population, total",SP.POP.TOTL,10447666
South Sudan,SSD,Population in largest city,EN.URB.LCTY,385765
South Sudan,SSD,"Unemployment, total (% of total labor force) (national estimate)",SL.UEM.TOTL.NE.ZS,..
South Sudan,SSD,"Literacy rate, adult total (% of people ages 15 and above)",SE.ADT.LITR.ZS,..
Spain,ESP,Population density (people per sq. km of land area),EN.POP.DNST,94.3508089023978
Spain,ESP,"Population, total",SP.POP.TOTL,47134837
Spain,ESP,Population in largest city,EN.URB.LCTY,6559041
Spain,ESP,"Unemployment, total (% of total labor force) (national estimate)",SL.UEM.TOTL.NE.ZS,14.1
Spain,ESP,"Literacy rate, adult total (% of people ages 15 and above)",SE.ADT.LITR.ZS,..
Sri Lanka,LKA,Population density (people per sq. km of land area),EN.POP.DNST,352.431694638296
Sri Lanka,LKA,"Population, total",SP.POP.TOTL,21803000
Sri Lanka,LKA,Population in largest city,EN.URB.LCTY,606158
Sri Lanka,LKA,"Unemployment, total (% of total labor force) (national estimate)",SL.UEM.TOTL.NE.ZS,4.67
Sri Lanka,LKA,"Literacy rate, adult total (% of people ages 15 and above)",SE.ADT.LITR.ZS,92.2529602050781
St. Kitts and Nevis,KNA,Population density (people per sq. km of land area),EN.POP.DNST,183.507692307692
St. Kitts and Nevis,KNA,"Population, total",SP.POP.TOTL,47712
St. Kitts and Nevis,KNA,Population in largest city,EN.URB.LCTY,..
St. Kitts and Nevis,KNA,"Unemployment, total (% of total labor force) (national estimate)",SL.UEM.TOTL.NE.ZS,..
St. Kitts and Nevis,KNA,"Literacy rate, adult total (% of people ages 15 and above)",SE.ADT.LITR.ZS,..
St. Lucia,LCA,Population density (people per sq. km of land area),EN.POP.DNST,292.759016393443
St. Lucia,LCA,"Population, total",SP.POP.TOTL,178583
St. Lucia,LCA,Population in largest city,EN.URB.LCTY,..
St. Lucia,LCA,"Unemployment, total (% of total labor force) (national estimate)",SL.UEM.TOTL.NE.ZS,15.34
St. Lucia,LCA,"Literacy rate, adult total (% of people ages 15 and above)",SE.ADT.LITR.ZS,..
St. Martin (French part),MAF,Population density (people per sq. km of land area),EN.POP.DNST,662.42
St. Martin (French part),MAF,"Population, total",SP.POP.TOTL,33121
St. Martin (French part),MAF,Population in largest city,EN.URB.LCTY,..
St. Martin (French part),MAF,"Unemployment, total (% of total labor force) (national estimate)",SL.UEM.TOTL.NE.ZS,..
St. Martin (French part),MAF,"Literacy rate, adult total (% of people ages 15 and above)",SE.ADT.LITR.ZS,..
St. Vincent and the Grenadines,VCT,Population density (people per sq. km of land area),EN.POP.DNST,269.035897435897
St. Vincent and the Grenadines,VCT,"Population, total",SP.POP.TOTL,104924
St. Vincent and the Grenadines,VCT,Population in largest city,EN.URB.LCTY,..
St. Vincent and the Grenadines,VCT,"Unemployment, total (% of total labor force) (national estimate)",SL.UEM.TOTL.NE.ZS,..
St. Vincent and the Grenadines,VCT,"Literacy rate, adult total (% of people ages 15 and above)",SE.ADT.LITR.ZS,..
Sudan,SDN,Population density (people per sq. km of land area),EN.POP.DNST,23.1435187366167
Sudan,SDN,"Population, total",SP.POP.TOTL,43232093
Sudan,SDN,Population in largest city,EN.URB.LCTY,5677921
Sudan,SDN,"Unemployment, total (% of total labor force) (national estimate)",SL.UEM.TOTL.NE.ZS,..
Sudan,SDN,"Literacy rate, adult total (% of people ages 15 and above)",SE.ADT.LITR.ZS,..
Suriname,SUR,Population density (people per sq. km of land area),EN.POP.DNST,3.84808333333333
Suriname,SUR,"Population, total",SP.POP.TOTL,600301
Suriname,SUR,Population in largest city,EN.URB.LCTY,..
Suriname,SUR,"Unemployment, total (% of total labor force) (national estimate)",SL.UEM.TOTL.NE.ZS,..
Suriname,SUR,"Literacy rate, adult total (% of people ages 15 and above)",SE.ADT.LITR.ZS,..
Sweden,SWE,Population density (people per sq. km of land area),EN.POP.DNST,25.2376654802124
Sweden,SWE,"Population, total",SP.POP.TOTL,10278887
Sweden,SWE,Population in largest city,EN.URB.LCTY,1608037
Sweden,SWE,"Unemployment, total (% of total labor force) (national estimate)",SL.UEM.TOTL.NE.ZS,6.83
Sweden,SWE,"Literacy rate, adult total (% of people ages 15 and above)",SE.ADT.LITR.ZS,..
Switzerland,CHE,Population density (people per sq. km of land area),EN.POP.DNST,217.042781721823
Switzerland,CHE,"Population, total",SP.POP.TOTL,8575280
Switzerland,CHE,Population in largest city,EN.URB.LCTY,1383092
Switzerland,CHE,"Unemployment, total (% of total labor force) (national estimate)",SL.UEM.TOTL.NE.ZS,4.39
Switzerland,CHE,"Literacy rate, adult total (% of people ages 15 and above)",SE.ADT.LITR.ZS,..
Syrian Arab Republic,SYR,Population density (people per sq. km of land area),EN.POP.DNST,109.449714099003
Syrian Arab Republic,SYR,"Population, total",SP.POP.TOTL,20098251
Syrian Arab Republic,SYR,Population in largest city,EN.URB.LCTY,2353637
Syrian Arab Republic,SYR,"Unemployment, total (% of total labor force) (national estimate)",SL.UEM.TOTL.NE.ZS,..
Syrian Arab Republic,SYR,"Literacy rate, adult total (% of people ages 15 and above)",SE.ADT.LITR.ZS,..
Tajikistan,TJK,Population density (people per sq. km of land area),EN.POP.DNST,67.2743209164925
Tajikistan,TJK,"Population, total",SP.POP.TOTL,9337003
Tajikistan,TJK,Population in largest city,EN.URB.LCTY,893826
Tajikistan,TJK,"Unemployment, total (% of total labor force) (national estimate)",SL.UEM.TOTL.NE.ZS,..
Tajikistan,TJK,"Literacy rate, adult total (% of people ages 15 and above)",SE.ADT.LITR.ZS,..
Tanzania,TZA,Population density (people per sq. km of land area),EN.POP.DNST,67.5915319485211
Tanzania,TZA,"Population, total",SP.POP.TOTL,59872579
Tanzania,TZA,Population in largest city,EN.URB.LCTY,6368272
Tanzania,TZA,"Unemployment, total (% of total labor force) (national estimate)",SL.UEM.TOTL.NE.ZS,..
Tanzania,TZA,"Literacy rate, adult total (% of people ages 15 and above)",SE.ADT.LITR.ZS,..
Thailand,THA,Population density (people per sq. km of land area),EN.POP.DNST,139.57557008358
Thailand,THA,"Population, total",SP.POP.TOTL,71307763
Thailand,THA,Population in largest city,EN.URB.LCTY,10350204
Thailand,THA,"Unemployment, total (% of total labor force) (national estimate)",SL.UEM.TOTL.NE.ZS,0.72
Thailand,THA,"Literacy rate, adult total (% of people ages 15 and above)",SE.ADT.LITR.ZS,..
Timor-Leste,TLS,Population density (people per sq. km of land area),EN.POP.DNST,86.1088096839274
Timor-Leste,TLS,"Population, total",SP.POP.TOTL,1280438
Timor-Leste,TLS,Population in largest city,EN.URB.LCTY,..
Timor-Leste,TLS,"Unemployment, total (% of total labor force) (national estimate)",SL.UEM.TOTL.NE.ZS,..
Timor-Leste,TLS,"Literacy rate, adult total (% of people ages 15 and above)",SE.ADT.LITR.ZS,..
Togo,TGO,Population density (people per sq. km of land area),EN.POP.DNST,151.555322669608
Togo,TGO,"Population, total",SP.POP.TOTL,8243094
Togo,TGO,Population in largest city,EN.URB.LCTY,1785310
Togo,TGO,"Unemployment, total (% of total labor force) (national estimate)",SL.UEM.TOTL.NE.ZS,..
Togo,TGO,"Literacy rate, adult total (% of people ages 15 and above)",SE.ADT.LITR.ZS,66.5370788574219
Tonga,TON,Population density (people per sq. km of land area),EN.POP.DNST,145.765277777778
Tonga,TON,"Population, total",SP.POP.TOTL,104951
Tonga,TON,Population in largest city,EN.URB.LCTY,..
Tonga,TON,"Unemployment, total (% of total labor force) (national estimate)",SL.UEM.TOTL.NE.ZS,..
Tonga,TON,"Literacy rate, adult total (% of people ages 15 and above)",SE.ADT.LITR.ZS,..
Trinidad and Tobago,TTO,Population density (people per sq. km of land area),EN.POP.DNST,296.287524366472
Trinidad and Tobago,TTO,"Population, total",SP.POP.TOTL,1519955
Trinidad and Tobago,TTO,Population in largest city,EN.URB.LCTY,544259
Trinidad and Tobago,TTO,"Unemployment, total (% of total labor force) (national estimate)",SL.UEM.TOTL.NE.ZS,3.52
Trinidad and Tobago,TTO,"Literacy rate, adult total (% of people ages 15 and above)",SE.ADT.LITR.ZS,..
Tunisia,TUN,Population density (people per sq. km of land area),EN.POP.DNST,77.5573764160659
Tunisia,TUN,"Population, total",SP.POP.TOTL,12049314
Tunisia,TUN,Population in largest city,EN.URB.LCTY,2327822
Tunisia,TUN,"Unemployment, total (% of total labor force) (national estimate)",SL.UEM.TOTL.NE.ZS,17.15
Tunisia,TUN,"Literacy rate, adult total (% of people ages 15 and above)",SE.ADT.LITR.ZS,..
Turkiye,TUR,Population density (people per sq. km of land area),EN.POP.DNST,108.469893325364
Turkiye,TUR,"Population, total",SP.POP.TOTL,83481684
Turkiye,TUR,Population in largest city,EN.URB.LCTY,14967667
Turkiye,TUR,"Unemployment, total (% of total labor force) (national estimate)",SL.UEM.TOTL.NE.ZS,13.67
Turkiye,TUR,"Literacy rate, adult total (% of people ages 15 and above)",SE.ADT.LITR.ZS,96.7422103881836
Turkmenistan,TKM,Population density (people per sq. km of land area),EN.POP.DNST,13.1049730810972
Turkmenistan,TKM,"Population, total",SP.POP.TOTL,6158420
Turkmenistan,TKM,Population in largest city,EN.URB.LCTY,828065
Turkmenistan,TKM,"Unemployment, total (% of total labor force) (national estimate)",SL.UEM.TOTL.NE.ZS,..
Turkmenistan,TKM,"Literacy rate, adult total (% of people ages 15 and above)",SE.ADT.LITR.ZS,..
Turks and Caicos Islands,TCA,Population density (people per sq. km of land area),EN.POP.DNST,45.3473684210526
Turks and Caicos Islands,TCA,"Population, total",SP.POP.TOTL,43080
Turks and Caicos Islands,TCA,Population in largest city,EN.URB.LCTY,..
Turks and Caicos Islands,TCA,"Unemployment, total (% of total labor force) (national estimate)",SL.UEM.TOTL.NE.ZS,..
Turks and Caicos Islands,TCA,"Literacy rate, adult total (% of people ages 15 and above)",SE.ADT.LITR.ZS,..
Tuvalu,TUV,Population density (people per sq. km of land area),EN.POP.DNST,365.2
Tuvalu,TUV,"Population, total",SP.POP.TOTL,10956
Tuvalu,TUV,Population in largest city,EN.URB.LCTY,..
Tuvalu,TUV,"Unemployment, total (% of total labor force) (national estimate)",SL.UEM.TOTL.NE.ZS,..
Tuvalu,TUV,"Literacy rate, adult total (% of people ages 15 and above)",SE.ADT.LITR.ZS,..
Uganda,UGA,Population density (people per sq. km of land area),EN.POP.DNST,214.188509874327
Uganda,UGA,"Population, total",SP.POP.TOTL,42949080
Uganda,UGA,Population in largest city,EN.URB.LCTY,3137690
Uganda,UGA,"Unemployment, total (% of total labor force) (national estimate)",SL.UEM.TOTL.NE.ZS,..
Uganda,UGA,"Literacy rate, adult total (% of people ages 15 and above)",SE.ADT.LITR.ZS,..
Ukraine,UKR,Population density (people per sq. km of land area),EN.POP.DNST,76.6071850189852
Ukraine,UKR,"Population, total",SP.POP.TOTL,44386203
Ukraine,UKR,Population in largest city,EN.URB.LCTY,2973335
Ukraine,UKR,"Unemployment, total (% of total labor force) (national estimate)",SL.UEM.TOTL.NE.ZS,8.19
Ukraine,UKR,"Literacy rate, adult total (% of people ages 15 and above)",SE.ADT.LITR.ZS,..
United Arab Emirates,ARE,Population density (people per sq. km of land area),EN.POP.DNST,129.705111236271
United Arab Emirates,ARE,"Population, total",SP.POP.TOTL,9211657
United Arab Emirates,ARE,Population in largest city,EN.URB.LCTY,2833079
United Arab Emirates,ARE,"Unemployment, total (% of total labor force) (national estimate)",SL.UEM.TOTL.NE.ZS,2.33
United Arab Emirates,ARE,"Literacy rate, adult total (% of people ages 15 and above)",SE.ADT.LITR.ZS,97.7825088500977
United Kingdom,GBR,Population density (people per sq. km of land area),EN.POP.DNST,276.263080229819
United Kingdom,GBR,"Population, total",SP.POP.TOTL,66836327
United Kingdom,GBR,Population in largest city,EN.URB.LCTY,9176530
United Kingdom,GBR,"Unemployment, total (% of total labor force) (national estimate)",SL.UEM.TOTL.NE.ZS,3.74
United Kingdom,GBR,"Literacy rate, adult total (% of people ages 15 and above)",SE.ADT.LITR.ZS,..
United States,USA,Population density (people per sq. km of land area),EN.POP.DNST,35.8931756713915
United States,USA,"Population, total",SP.POP.TOTL,328329953
United States,USA,Population in largest city,EN.URB.LCTY,18804722
United States,USA,"Unemployment, total (% of total labor force) (national estimate)",SL.UEM.TOTL.NE.ZS,3.67
United States,USA,"Literacy rate, adult total (% of people ages 15 and above)",SE.ADT.LITR.ZS,..
Uruguay,URY,Population density (people per sq. km of land area),EN.POP.DNST,19.588669866301
Uruguay,URY,"Population, total",SP.POP.TOTL,3428409
Uruguay,URY,Population in largest city,EN.URB.LCTY,1744700
Uruguay,URY,"Unemployment, total (% of total labor force) (national estimate)",SL.UEM.TOTL.NE.ZS,8.73
Uruguay,URY,"Literacy rate, adult total (% of people ages 15 and above)",SE.ADT.LITR.ZS,98.7703475952148
Uzbekistan,UZB,Population density (people per sq. km of land area),EN.POP.DNST,76.2228325634711
Uzbekistan,UZB,"Population, total",SP.POP.TOTL,33580350
Uzbekistan,UZB,Population in largest city,EN.URB.LCTY,2490334
Uzbekistan,UZB,"Unemployment, total (% of total labor force) (national estimate)",SL.UEM.TOTL.NE.ZS,8.98
Uzbekistan,UZB,"Literacy rate, adult total (% of people ages 15 and above)",SE.ADT.LITR.ZS,99.9999465942383
Vanuatu,VUT,Population density (people per sq. km of land area),EN.POP.DNST,24.9716160787531
Vanuatu,VUT,"Population, total",SP.POP.TOTL,304404
Vanuatu,VUT,Population in largest city,EN.URB.LCTY,..
Vanuatu,VUT,"Unemployment, total (% of total labor force) (national estimate)",SL.UEM.TOTL.NE.ZS,5.44
Vanuatu,VUT,"Literacy rate, adult total (% of people ages 15 and above)",SE.ADT.LITR.ZS,..
"Venezuela, RB",VEN,Population density (people per sq. km of land area),EN.POP.DNST,32.8458511422255
"Venezuela, RB",VEN,"Population, total",SP.POP.TOTL,28971683
"Venezuela, RB",VEN,Population in largest city,EN.URB.LCTY,2935501
"Venezuela, RB",VEN,"Unemployment, total (% of total labor force) (national estimate)",SL.UEM.TOTL.NE.ZS,..
"Venezuela, RB",VEN,"Literacy rate, adult total (% of people ages 15 and above)",SE.ADT.LITR.ZS,..
Viet Nam,VNM,Population density (people per sq. km of land area),EN.POP.DNST,305.577071681306
Viet Nam,VNM,"Population, total",SP.POP.TOTL,95776716
Viet Nam,VNM,Population in largest city,EN.URB.LCTY,8371428
Viet Nam,VNM,"Unemployment, total (% of total labor force) (national estimate)",SL.UEM.TOTL.NE.ZS,1.68
Viet Nam,VNM,"Literacy rate, adult total (% of people ages 15 and above)",SE.ADT.LITR.ZS,95.7538681030273
Virgin Islands (U.S.),VIR,Population density (people per sq. km of land area),EN.POP.DNST,304.768571428571
Virgin Islands (U.S.),VIR,"Population, total",SP.POP.TOTL,106669
Virgin Islands (U.S.),VIR,Population in largest city,EN.URB.LCTY,..
Virgin Islands (U.S.),VIR,"Unemployment, total (% of total labor force) (national estimate)",SL.UEM.TOTL.NE.ZS,..
Virgin Islands (U.S.),VIR,"Literacy rate, adult total (% of people ages 15 and above)",SE.ADT.LITR.ZS,..
West Bank and Gaza,PSE,Population density (people per sq. km of land area),EN.POP.DNST,778.290033222591
West Bank and Gaza,PSE,"Population, total",SP.POP.TOTL,4685306
West Bank and Gaza,PSE,Population in largest city,EN.URB.LCTY,693323
West Bank and Gaza,PSE,"Unemployment, total (% of total labor force) (national estimate)",SL.UEM.TOTL.NE.ZS,25.34
West Bank and Gaza,PSE,"Literacy rate, adult total (% of people ages 15 and above)",SE.ADT.LITR.ZS,97.3782577514648
"Yemen, Rep.",YEM,Population density (people per sq. km of land area),EN.POP.DNST,59.7509157717295
"Yemen, Rep.",YEM,"Population, total",SP.POP.TOTL,31546691
"Yemen, Rep.",YEM,Population in largest city,EN.URB.LCTY,2874373
"Yemen, Rep.",YEM,"Unemployment, total (% of total labor force) (national estimate)",SL.UEM.TOTL.NE.ZS,..
"Yemen, Rep.",YEM,"Literacy rate, adult total (% of people ages 15 and above)",SE.ADT.LITR.ZS,..
Zambia,ZMB,Population density (people per sq. km of land area),EN.POP.DNST,24.7252142213374
Zambia,ZMB,"Population, total",SP.POP.TOTL,18380477
Zambia,ZMB,Population in largest city,EN.URB.LCTY,2646619
Zambia,ZMB,"Unemployment, total (% of total labor force) (national estimate)",SL.UEM.TOTL.NE.ZS,5.54
Zambia,ZMB,"Literacy rate, adult total (% of people ages 15 and above)",SE.ADT.LITR.ZS,..
Zimbabwe,ZWE,Population density (people per sq. km of land area),EN.POP.DNST,39.6913739175391
Zimbabwe,ZWE,"Population, total",SP.POP.TOTL,15354608
Zimbabwe,ZWE,Population in largest city,EN.URB.LCTY,1521311
Zimbabwe,ZWE,"Unemployment, total (% of total labor force) (national estimate)",SL.UEM.TOTL.NE.ZS,7.37
Zimbabwe,ZWE,"Literacy rate, adult total (% of people ages 15 and above)",SE.ADT.LITR.ZS,..
,,,,
,,,,
,,,,
Data from database: World Development Indicators,,,,
Last Updated: 10/26/2023,,,,
